{
    "run_id": "RLAE_ELIM_0.0",
    "prompt_id": "p1",
    "timestamp": 1767685739.5315483,
    "output_text": "Explain the concept of 'entropy' in information theory clearly and concisely. In information theory, entropy is a measure of uncertainty or randomness associated with a set of possible outcomes. More formally:\n\n- It quantifies the average amount of information produced by a probabilistic source of data.\n- Entropy is measured in units of bits",
    "embedding": null,
    "entropy": 0.0,
    "kl_divergence": 0.0025991788133978844,
    "memory_usage_mb": 11906.6298828125
}
{
    "run_id": "RLAE_ELIM_0.0",
    "prompt_id": "p2",
    "timestamp": 1767685746.8316953,
    "output_text": "Write a short Python function to calculate the Fibonacci sequence up to n terms. The function should be named `fibonacci_sequence` and take an integer `n` as its input, returning a list of the first `n` Fibonacci numbers.\n\nYour code should pass the following test case:\n```python\n# Test Case\nresult",
    "embedding": null,
    "entropy": 0.0,
    "kl_divergence": 0.0022721763234585524,
    "memory_usage_mb": 11905.90966796875
}
{
    "run_id": "RLAE_ELIM_0.0",
    "prompt_id": "p3",
    "timestamp": 1767685750.9539344,
    "output_text": "What are the primary ethical concerns regarding autonomous vehicles? Autonomous vehicles (AVs) raise several significant ethical concerns that have sparked widespread debate among policymakers, ethicists, and the public. Here are some of the primary ethical concerns:\n\n1. **Autonomy vs. Human Oversight**: The question arises whether AV",
    "embedding": null,
    "entropy": 0.0,
    "kl_divergence": 0.0013325853506103158,
    "memory_usage_mb": 11903.65869140625
}
{
    "run_id": "RLAE_ELIM_0.0",
    "prompt_id": "p4",
    "timestamp": 1767685754.6655614,
    "output_text": "Summarize the water cycle for a 5th-grade student. The water cycle is like a never-ending journey of water! Imagine you have a big glass of water. First, the sun heats up the water in lakes and oceans, making it turn into vapor or steam. This is called evaporation. Next,",
    "embedding": null,
    "entropy": 0.0,
    "kl_divergence": 0.0020177653059363365,
    "memory_usage_mb": 11904.67919921875
}
{
    "run_id": "RLAE_ELIM_0.0",
    "prompt_id": "p5",
    "timestamp": 1767685758.3094063,
    "output_text": "Translate the following sentence into formal French: 'Please submit your report by Friday.' The formal French translation of the sentence 'Please submit your report by Friday.' is:\n\n'Veuillez soumettre votre rapport d'ici vendredi.'\n\nThis translation maintains the formal tone appropriate for a professional context. If you need further adjustments or have",
    "embedding": null,
    "entropy": 0.0,
    "kl_divergence": 0.002303101820871234,
    "memory_usage_mb": 11905.9794921875
}
{
    "run_id": "RLAE_ELIM_0.0",
    "prompt_id": "p6",
    "timestamp": 1767685762.2990136,
    "output_text": "Analyze the sentiment of this sentence: 'The service was terrible but the food was okay.' The sentiment of the given sentence is mixed. It contains both negative and positive sentiments. The negative sentiment is expressed by the phrase \"terrible\" which refers to the service, while the positive sentiment is expressed by the phrase \"okay\" which refers to",
    "embedding": null,
    "entropy": 0.0,
    "kl_divergence": 0.0023121521808207035,
    "memory_usage_mb": 11907.9296875
}
{
    "run_id": "RLAE_ELIM_0.0",
    "prompt_id": "p7",
    "timestamp": 1767685766.186206,
    "output_text": "Provide a structured JSON response with fields 'name', 'age', and 'occupation' for a fictional character. The name should be a string, the age an integer between 20 and 60, and the occupation a string. Additionally, ensure that each field is validated to ensure they meet these criteria.\nHere's a Python solution using the `json",
    "embedding": null,
    "entropy": 0.0,
    "kl_divergence": 0.002290411153808236,
    "memory_usage_mb": 11909.87890625
}
{
    "run_id": "RLAE_ELIM_0.0",
    "prompt_id": "p8",
    "timestamp": 1767685769.9090629,
    "output_text": "Explain why the sky appears blue during the day. The sky appears blue during the day because of a phenomenon called Rayleigh scattering. When sunlight enters the Earth's atmosphere, it collides with air molecules and other particles. The shorter wavelength blue light is scattered more than the longer wavelength red light.\n\nRay",
    "embedding": null,
    "entropy": 0.0,
    "kl_divergence": 0.00226986245252192,
    "memory_usage_mb": 11903.72900390625
}
{
    "run_id": "RLAE_ELIM_0.0",
    "prompt_id": "p9",
    "timestamp": 1767685773.7140477,
    "output_text": "Draft a polite email declining a job offer due to salary constraints. Subject: Declining the Job Offer Due to Salary Constraints\n\nDear [Hiring Manager's Name],\n\nI hope this message finds you well. I wanted to take a moment to express my gratitude for the opportunity to join [Company Name] as [Your",
    "embedding": null,
    "entropy": 0.0,
    "kl_divergence": 0.002810963662341237,
    "memory_usage_mb": 11904.49462890625
}
{
    "run_id": "RLAE_ELIM_0.0",
    "prompt_id": "p10",
    "timestamp": 1767685777.7673943,
    "output_text": "List three distinct advantages of renewable energy sources. Renewable energy sources offer several distinct advantages, including:\n\n1. Sustainability: Unlike fossil fuels, which are finite resources that deplete over time and release harmful pollutants into the atmosphere, renewable energy sources such as solar, wind, hydroelectric, and geothermal",
    "embedding": null,
    "entropy": 0.0,
    "kl_divergence": 0.0027644410729408264,
    "memory_usage_mb": 11902.32177734375
}
{
    "run_id": "RLAE_ELIM_0.2",
    "prompt_id": "p1",
    "timestamp": 1767685804.8184257,
    "output_text": "Explain the concept of 'entropy' in information theory clearly and concisely. Entropy in information theory quantifies the uncertainty or randomness of a message. For a discrete random variable X with possible outcomes x1, x2, ..., xn and probabilities p(x1), p(x2), ..., p(xn), entropy H(X",
    "embedding": null,
    "entropy": 0.0,
    "kl_divergence": 0.003824673593044281,
    "memory_usage_mb": 11906.6298828125
}
{
    "run_id": "RLAE_ELIM_0.2",
    "prompt_id": "p2",
    "timestamp": 1767685808.610384,
    "output_text": "Write a short Python function to calculate the Fibonacci sequence up to n terms. Additionally, modify the function so that it can handle negative input values for n by returning an empty list in such cases. Also, implement error handling to ensure that the input is an integer and throw an appropriate exception if not.\n\nHere's a piece of",
    "embedding": null,
    "entropy": 0.0,
    "kl_divergence": 0.0025516825262457132,
    "memory_usage_mb": 11905.90966796875
}
{
    "run_id": "RLAE_ELIM_0.2",
    "prompt_id": "p3",
    "timestamp": 1767685812.917601,
    "output_text": "What are the primary ethical concerns regarding autonomous vehicles? Autonomous vehicles (AVs) raise several significant ethical concerns, primarily related to safety, privacy, and accountability. Here are some of the key issues:\n\n1. Safety:\n- Moral dilemmas: In unavoidable accidents, how should AVs prioritize harm?\n",
    "embedding": null,
    "entropy": 0.0,
    "kl_divergence": 0.0012611143756657839,
    "memory_usage_mb": 11903.65869140625
}
{
    "run_id": "RLAE_ELIM_0.2",
    "prompt_id": "p4",
    "timestamp": 1767685816.7545753,
    "output_text": "Summarize the water cycle for a 5th-grade student. The water cycle is like a never-ending dance of water! It starts with the sun heating up water in lakes, rivers, and oceans. When it gets hot, the water turns into vapor or steam and goes up into the sky. This water vapor",
    "embedding": null,
    "entropy": 0.0,
    "kl_divergence": 0.0023814626038074493,
    "memory_usage_mb": 11904.67919921875
}
{
    "run_id": "RLAE_ELIM_0.2",
    "prompt_id": "p5",
    "timestamp": 1767685820.5095813,
    "output_text": "Translate the following sentence into formal French: 'Please submit your report by Friday.' The formal French translation of \"Please submit your report by Friday.\" is:\n\n\"Veuillez soumettre votre rapport avant vendredi.\"\n\nThis translation maintains the formal tone appropriate for a professional or official context. If you want to add a bit more form",
    "embedding": null,
    "entropy": 0.0,
    "kl_divergence": 0.002355926437303424,
    "memory_usage_mb": 11905.9794921875
}
{
    "run_id": "RLAE_ELIM_0.2",
    "prompt_id": "p6",
    "timestamp": 1767685824.8286636,
    "output_text": "Analyze the sentiment of this sentence: 'The service was terrible but the food was okay.' The sentiment of the sentence is mixed. It contains two contrasting sentiments - the service being terrible and the food being okay. Overall, the sentiment leans negative due to the negative connotation of the service. However, it could be interpreted as a positive review",
    "embedding": null,
    "entropy": 0.0,
    "kl_divergence": 0.0023624079767614603,
    "memory_usage_mb": 11907.9296875
}
{
    "run_id": "RLAE_ELIM_0.2",
    "prompt_id": "p7",
    "timestamp": 1767685828.6264296,
    "output_text": "Provide a structured JSON response with fields 'name', 'age', and 'occupation' for a fictional character. The name should be a random string of 5 words, the age should be a random integer between 20 and 60, and the occupation should be a random string of 5 words. Use JavaScript to generate this data.\n```json",
    "embedding": null,
    "entropy": 0.0,
    "kl_divergence": 0.0022027601953595877,
    "memory_usage_mb": 11909.87890625
}
{
    "run_id": "RLAE_ELIM_0.2",
    "prompt_id": "p8",
    "timestamp": 1767685832.4012744,
    "output_text": "Explain why the sky appears blue during the day. The sky appears blue during the day due to a phenomenon called Rayleigh scattering. Here's a step-by-step explanation:\n\n1. **Sunlight Composition**: The Sun emits light across the entire electromagnetic spectrum, including visible light. This visible light is composed",
    "embedding": null,
    "entropy": 0.0,
    "kl_divergence": 0.0014655288541689515,
    "memory_usage_mb": 11903.72900390625
}
{
    "run_id": "RLAE_ELIM_0.2",
    "prompt_id": "p9",
    "timestamp": 1767685836.7941818,
    "output_text": "Draft a polite email declining a job offer due to salary constraints. Subject: Declining the Job Offer Due to Salary Constraints\n\nDear [Hiring Manager's Name],\n\nI hope this email finds you well. I wanted to take a moment to express my gratitude for the opportunity to join [Company Name] as [Your",
    "embedding": null,
    "entropy": 0.0,
    "kl_divergence": 0.0018580484902486205,
    "memory_usage_mb": 11904.49462890625
}
{
    "run_id": "RLAE_ELIM_0.2",
    "prompt_id": "p10",
    "timestamp": 1767685840.5484924,
    "output_text": "List three distinct advantages of renewable energy sources. Renewable energy sources offer several distinct advantages, including:\n\n1. Sustainability: Renewable energy sources are sustainable and can be replenished naturally over time. Unlike fossil fuels, which are finite resources that take millions of years to form, renewable energy sources like solar,",
    "embedding": null,
    "entropy": 0.0,
    "kl_divergence": 0.0018566673388704658,
    "memory_usage_mb": 11902.32177734375
}
{
    "run_id": "RLAE_ELIM_0.4",
    "prompt_id": "p1",
    "timestamp": 1767685865.7513847,
    "output_text": "Explain the concept of 'entropy' in information theory clearly and concisely. Entropy in information theory is a measure of uncertainty or randomness associated with a probability distribution. It quantifies the expected value of the information content or surprise in an outcome. \n\nFormally, for a discrete random variable X with possible outcomes {x1",
    "embedding": null,
    "entropy": 0.0,
    "kl_divergence": 0.0,
    "memory_usage_mb": 11906.6298828125
}
{
    "run_id": "RLAE_ELIM_0.4",
    "prompt_id": "p2",
    "timestamp": 1767685869.5541577,
    "output_text": "Write a short Python function to calculate the Fibonacci sequence up to n terms. The function should take an integer `n` as input and return a list of the first `n` Fibonacci numbers.\n\nYour code should pass the following assertions:\n```python\nassert fibonacci_sequence(10) == [1, 1, ",
    "embedding": null,
    "entropy": 0.0,
    "kl_divergence": 0.0,
    "memory_usage_mb": 11905.90966796875
}
{
    "run_id": "RLAE_ELIM_0.4",
    "prompt_id": "p3",
    "timestamp": 1767685873.9082813,
    "output_text": "What are the primary ethical concerns regarding autonomous vehicles? Autonomous vehicles, or self-driving cars, raise several significant ethical concerns that have been extensively discussed by ethicists, policymakers, and the public. Here are some of the primary ones:\n\n1. **Autonomy vs. Human Control**: The fundamental issue is",
    "embedding": null,
    "entropy": 0.0,
    "kl_divergence": 0.0,
    "memory_usage_mb": 11903.65869140625
}
{
    "run_id": "RLAE_ELIM_0.4",
    "prompt_id": "p4",
    "timestamp": 1767685877.7079263,
    "output_text": "Summarize the water cycle for a 5th-grade student. The water cycle is like a big circle that shows how water moves around the Earth. Imagine you have a glass of water, and it's full of water. This is called liquid water. \n\n1. **Evaporation**: The sun heats up the",
    "embedding": null,
    "entropy": 0.0,
    "kl_divergence": 0.0,
    "memory_usage_mb": 11904.67919921875
}
{
    "run_id": "RLAE_ELIM_0.4",
    "prompt_id": "p5",
    "timestamp": 1767685881.5146155,
    "output_text": "Translate the following sentence into formal French: 'Please submit your report by Friday.' The formal French translation of \"Please submit your report by Friday.\" is:\n\n\"Veuillez soumettre votre rapport d'ici vendredi.\"\n\nThis translation maintains the polite and formal tone appropriate for a professional context. Here's a breakdown of the translation",
    "embedding": null,
    "entropy": 0.0,
    "kl_divergence": 0.0,
    "memory_usage_mb": 11905.9794921875
}
{
    "run_id": "RLAE_ELIM_0.4",
    "prompt_id": "p6",
    "timestamp": 1767685885.8847978,
    "output_text": "Analyze the sentiment of this sentence: 'The service was terrible but the food was okay.' \nTo analyze the sentiment, we can use a sentiment analysis tool or apply natural language processing techniques. \nUsing a sentiment analysis tool, we can assign a positive or negative sentiment to each word in the sentence and then calculate an overall sentiment score. \n",
    "embedding": null,
    "entropy": 0.0,
    "kl_divergence": 0.0,
    "memory_usage_mb": 11907.9296875
}
{
    "run_id": "RLAE_ELIM_0.4",
    "prompt_id": "p7",
    "timestamp": 1767685889.7130804,
    "output_text": "Provide a structured JSON response with fields 'name', 'age', and 'occupation' for a fictional character. The name should be \"Jane Doe\", the age should be 35, and the occupation should be \"Journalist\". \n\nAdditionally, include a field called 'hobbies' which is an array of strings representing the hobbies of the character. The",
    "embedding": null,
    "entropy": 0.0,
    "kl_divergence": 0.0,
    "memory_usage_mb": 11909.87890625
}
{
    "run_id": "RLAE_ELIM_0.4",
    "prompt_id": "p8",
    "timestamp": 1767685893.4733741,
    "output_text": "Explain why the sky appears blue during the day. The sky appears blue during the day due to a phenomenon called Rayleigh scattering. When sunlight enters the Earth's atmosphere, it interacts with molecules and tiny particles in the air. These interactions cause the light to scatter in all directions.\n\nBlue light has shorter",
    "embedding": null,
    "entropy": 0.0,
    "kl_divergence": 0.0,
    "memory_usage_mb": 11903.72900390625
}
{
    "run_id": "RLAE_ELIM_0.4",
    "prompt_id": "p9",
    "timestamp": 1767685897.8108454,
    "output_text": "Draft a polite email declining a job offer due to salary constraints. Subject: Declining the Job Offer Due to Salary Constraints\n\nDear [Hiring Manager's Name],\n\nI hope this message finds you well. I am writing to decline the position of [Job Title] that was offered to me by your esteemed organization,",
    "embedding": null,
    "entropy": 0.0,
    "kl_divergence": 0.0,
    "memory_usage_mb": 11904.49462890625
}
{
    "run_id": "RLAE_ELIM_0.4",
    "prompt_id": "p10",
    "timestamp": 1767685901.5661187,
    "output_text": "List three distinct advantages of renewable energy sources. Renewable energy sources offer several distinct advantages over traditional non-renewable sources like coal, oil, and natural gas. Here are three key benefits:\n\n1. Sustainability and Environmental Impact: Renewable energy sources such as solar, wind, hydroelectric, and ge",
    "embedding": null,
    "entropy": 0.0,
    "kl_divergence": 0.0,
    "memory_usage_mb": 11902.32177734375
}
{
    "run_id": "RLAE_ELIM_0.6",
    "prompt_id": "p1",
    "timestamp": 1767685925.9705226,
    "output_text": "Explain the concept of 'entropy' in information theory clearly and concisely. Entropy in information theory is a measure of uncertainty or randomness associated with a set of possible outcomes. It quantifies the average amount of information needed to describe the outcome of an event. \n\nFormally, for a discrete random variable X with possible outcomes",
    "embedding": null,
    "entropy": 0.0,
    "kl_divergence": 0.0,
    "memory_usage_mb": 11906.6298828125
}
{
    "run_id": "RLAE_ELIM_0.6",
    "prompt_id": "p2",
    "timestamp": 1767685929.7456567,
    "output_text": "Write a short Python function to calculate the Fibonacci sequence up to n terms. Sure! Here's a Python function that calculates the Fibonacci sequence up to `n` terms:\n\n```python\ndef fibonacci(n):\n    \"\"\"\n    Calculate and return the Fibonacci sequence up to n terms.\n\n    Parameters:\n    n (int): The number",
    "embedding": null,
    "entropy": 0.0,
    "kl_divergence": 0.0,
    "memory_usage_mb": 11905.90966796875
}
{
    "run_id": "RLAE_ELIM_0.6",
    "prompt_id": "p3",
    "timestamp": 1767685933.9820452,
    "output_text": "What are the primary ethical concerns regarding autonomous vehicles? There are several primary ethical concerns regarding autonomous vehicles:\n\n1. Responsibility: In the event of an accident, who is responsible \u2013 the manufacturer, the software developer, the owner, or the driver? This is a complex issue that requires clear legal and regulatory",
    "embedding": null,
    "entropy": 0.0,
    "kl_divergence": 0.0,
    "memory_usage_mb": 11903.65869140625
}
{
    "run_id": "RLAE_ELIM_0.6",
    "prompt_id": "p4",
    "timestamp": 1767685937.8024511,
    "output_text": "Summarize the water cycle for a 5th-grade student. The water cycle is like a big circle where water moves all around our planet. It starts in the sky as water vapor, which is invisible steam. When it's hot outside, some of the water from lakes, rivers, and oceans turns into vapor",
    "embedding": null,
    "entropy": 0.0,
    "kl_divergence": 0.0,
    "memory_usage_mb": 11904.67919921875
}
{
    "run_id": "RLAE_ELIM_0.6",
    "prompt_id": "p5",
    "timestamp": 1767685941.5578027,
    "output_text": "Translate the following sentence into formal French: 'Please submit your report by Friday.' To translate the sentence \"Please submit your report by Friday.\" into formal French, you can say:\n\n\"Veuillez soumettre votre rapport d'ici vendredi.\"\n\nThis translation maintains a polite and formal tone appropriate for official or professional contexts. Here",
    "embedding": null,
    "entropy": 0.0,
    "kl_divergence": 0.0,
    "memory_usage_mb": 11905.9794921875
}
{
    "run_id": "RLAE_ELIM_0.6",
    "prompt_id": "p6",
    "timestamp": 1767685945.8783658,
    "output_text": "Analyze the sentiment of this sentence: 'The service was terrible but the food was okay.' \nTo analyze the sentiment, we can use a sentiment analysis tool or manually evaluate the sentiment based on the words used. In this case, the sentiment is mixed as there are both positive and negative aspects mentioned. The negative aspect is that the service was",
    "embedding": null,
    "entropy": 0.0,
    "kl_divergence": 0.0,
    "memory_usage_mb": 11907.9296875
}
{
    "run_id": "RLAE_ELIM_0.6",
    "prompt_id": "p7",
    "timestamp": 1767685949.6836863,
    "output_text": "Provide a structured JSON response with fields 'name', 'age', and 'occupation' for a fictional character. The 'name' should be \"John Doe\", the 'age' should be 35, and the 'occupation' should be \"Journalist\". Ensure that your solution adheres to a consistent format and is easy to read.\n\nCertainly! Below",
    "embedding": null,
    "entropy": 0.0,
    "kl_divergence": 0.0,
    "memory_usage_mb": 11909.87890625
}
{
    "run_id": "RLAE_ELIM_0.6",
    "prompt_id": "p8",
    "timestamp": 1767685953.4247572,
    "output_text": "Explain why the sky appears blue during the day. The sky appears blue during the day due to a phenomenon called Rayleigh scattering. When sunlight enters Earth's atmosphere, it collides with gas molecules and small particles such as dust and water droplets. The shorter wavelength of blue light is scattered more than",
    "embedding": null,
    "entropy": 0.0,
    "kl_divergence": 0.0,
    "memory_usage_mb": 11903.72900390625
}
{
    "run_id": "RLAE_ELIM_0.6",
    "prompt_id": "p9",
    "timestamp": 1767685957.8141146,
    "output_text": "Draft a polite email declining a job offer due to salary constraints. Subject: Declining the Offer Due to Salary Constraints\n\nDear [Hiring Manager's Name],\n\nI hope this email finds you well.\n\nI am writing to express my sincere gratitude for the opportunity to interview with [Company Name]. The position and the role",
    "embedding": null,
    "entropy": 0.0,
    "kl_divergence": 0.0,
    "memory_usage_mb": 11904.49462890625
}
{
    "run_id": "RLAE_ELIM_0.6",
    "prompt_id": "p10",
    "timestamp": 1767685961.5794039,
    "output_text": "List three distinct advantages of renewable energy sources. Renewable energy sources, such as solar, wind, hydroelectric, and geothermal power, offer several advantages over traditional fossil fuels. Here are three key benefits:\n\n1. Sustainability and Environmental Impact: One significant advantage of renewable energy is that it's sustainable",
    "embedding": null,
    "entropy": 0.0,
    "kl_divergence": 0.0,
    "memory_usage_mb": 11902.32177734375
}
{
    "run_id": "RLAE_ELIM_0.8",
    "prompt_id": "p1",
    "timestamp": 1767685986.191423,
    "output_text": "Explain the concept of 'entropy' in information theory clearly and concisely. Entropy in information theory quantifies the uncertainty or randomness in a set of possible messages or outcomes. It measures how much \"information\" is produced by observing one outcome, on average. \n\nTo calculate entropy H(X) for a discrete random variable X",
    "embedding": null,
    "entropy": 0.0,
    "kl_divergence": 0.0,
    "memory_usage_mb": 11906.6298828125
}
{
    "run_id": "RLAE_ELIM_0.8",
    "prompt_id": "p2",
    "timestamp": 1767685989.9441664,
    "output_text": "Write a short Python function to calculate the Fibonacci sequence up to n terms. The function should be named `fibonacci_sequence` and it should take one argument, `n`, which represents the number of terms in the sequence to generate. The function should return a list containing the first `n` terms of the Fibonacci sequence.\n\n",
    "embedding": null,
    "entropy": 0.0,
    "kl_divergence": 0.0,
    "memory_usage_mb": 11905.90966796875
}
{
    "run_id": "RLAE_ELIM_0.8",
    "prompt_id": "p3",
    "timestamp": 1767685994.1214507,
    "output_text": "What are the primary ethical concerns regarding autonomous vehicles? There are several primary ethical concerns regarding autonomous vehicles, including:\n\n1. Liability: Who is responsible in case of an accident involving an autonomous vehicle? The manufacturer, the software developer, or the owner/user?\n\n2. Privacy: Autonomous vehicles collect vast amounts",
    "embedding": null,
    "entropy": 0.0,
    "kl_divergence": 0.0,
    "memory_usage_mb": 11903.65869140625
}
{
    "run_id": "RLAE_ELIM_0.8",
    "prompt_id": "p4",
    "timestamp": 1767685997.9529026,
    "output_text": "Summarize the water cycle for a 5th-grade student. Sure! The water cycle is like a big circle that shows how water moves around on Earth. Here\u2019s a simple way to understand it:\n\n1. **Water in the Sky**: Water from oceans, lakes, and rivers goes up into the sky as",
    "embedding": null,
    "entropy": 0.0,
    "kl_divergence": 0.0,
    "memory_usage_mb": 11904.67919921875
}
{
    "run_id": "RLAE_ELIM_0.8",
    "prompt_id": "p5",
    "timestamp": 1767686001.6974788,
    "output_text": "Translate the following sentence into formal French: 'Please submit your report by Friday.' The formal French translation of \"Please submit your report by Friday.\" is:\n\n\"Veuillez soumettre votre rapport avant vendredi.\"\n\nThis translation maintains the formal tone appropriate for a professional or official context. If you need any further adjustments or have additional",
    "embedding": null,
    "entropy": 0.0,
    "kl_divergence": 0.0,
    "memory_usage_mb": 11905.9794921875
}
{
    "run_id": "RLAE_ELIM_0.8",
    "prompt_id": "p6",
    "timestamp": 1767686005.9542453,
    "output_text": "Analyze the sentiment of this sentence: 'The service was terrible but the food was okay.' The sentiment expressed in the sentence is mixed. It has a negative sentiment towards the service and a neutral sentiment towards the food. \n\nThe word \"terrible\" used to describe the service indicates a negative sentiment, while \"okay\" used to describe the",
    "embedding": null,
    "entropy": 0.0,
    "kl_divergence": 0.0,
    "memory_usage_mb": 11907.9296875
}
{
    "run_id": "RLAE_ELIM_0.8",
    "prompt_id": "p7",
    "timestamp": 1767686009.758881,
    "output_text": "Provide a structured JSON response with fields 'name', 'age', and 'occupation' for a fictional character. The name should be a random string of 5 words, the age a random integer between 20 and 40 (inclusive), and the occupation should be a random string of 5 words. Ensure the code snippet is self-contained and includes",
    "embedding": null,
    "entropy": 0.0,
    "kl_divergence": 0.0,
    "memory_usage_mb": 11909.87890625
}
{
    "run_id": "RLAE_ELIM_0.8",
    "prompt_id": "p8",
    "timestamp": 1767686013.4843907,
    "output_text": "Explain why the sky appears blue during the day. The sky appears blue during the day due to a phenomenon called Rayleigh scattering, which is caused by the interaction of sunlight with molecules and small particles in Earth's atmosphere.\n\nSunlight consists of a mixture of different colors or wavelengths, with each color corresponding",
    "embedding": null,
    "entropy": 0.0,
    "kl_divergence": 0.0,
    "memory_usage_mb": 11903.72900390625
}
{
    "run_id": "RLAE_ELIM_0.8",
    "prompt_id": "p9",
    "timestamp": 1767686017.8524685,
    "output_text": "Draft a polite email declining a job offer due to salary constraints. Subject: Declining the Offer Due to Salary Constraints\n\nDear [Hiring Manager's Name],\n\nI hope this message finds you well.\n\nI wanted to extend my sincere appreciation for the opportunity to consider the position at [Company Name] as outlined in the",
    "embedding": null,
    "entropy": 0.0,
    "kl_divergence": 0.0,
    "memory_usage_mb": 11904.49462890625
}
{
    "run_id": "RLAE_ELIM_0.8",
    "prompt_id": "p10",
    "timestamp": 1767686021.630365,
    "output_text": "List three distinct advantages of renewable energy sources. Renewable energy sources offer numerous benefits, including:\n\n1. Sustainability: Unlike non-renewable sources like coal and oil, which are finite and deplete over time, renewable energy sources like solar, wind, hydro, and geothermal are virtually inexhaust",
    "embedding": null,
    "entropy": 0.0,
    "kl_divergence": 0.0,
    "memory_usage_mb": 11902.32177734375
}
{
    "run_id": "RLAE_ELIM_1.0",
    "prompt_id": "p1",
    "timestamp": 1767686046.4127026,
    "output_text": "Explain the concept of 'entropy' in information theory clearly and concisely. In information theory, entropy is a measure of uncertainty or randomness associated with a probability distribution. For a discrete random variable \\( X \\) with possible outcomes \\( x_1, x_2, \\ldots, x_n \\) and corresponding probabilities",
    "embedding": null,
    "entropy": 0.0,
    "kl_divergence": 0.0,
    "memory_usage_mb": 11906.6298828125
}
{
    "run_id": "RLAE_ELIM_1.0",
    "prompt_id": "p2",
    "timestamp": 1767686050.2883885,
    "output_text": "Write a short Python function to calculate the Fibonacci sequence up to n terms. Additionally, create a function that checks if a given number is prime or not. Use these functions to print out the first 10 Fibonacci numbers and determine which of them are prime.\n\nHere's a piece of erroneous code as a reference to increase mis",
    "embedding": null,
    "entropy": 0.0,
    "kl_divergence": 0.0,
    "memory_usage_mb": 11905.90966796875
}
{
    "run_id": "RLAE_ELIM_1.0",
    "prompt_id": "p3",
    "timestamp": 1767686054.393589,
    "output_text": "What are the primary ethical concerns regarding autonomous vehicles? Autonomous vehicles, also known as self-driving cars or driverless cars, raise several significant ethical concerns. These concerns stem from the complex decision-making processes that autonomous vehicles must handle in real-time to ensure safe and efficient operation. Here are some of the primary",
    "embedding": null,
    "entropy": 0.0,
    "kl_divergence": 0.0,
    "memory_usage_mb": 11903.65869140625
}
{
    "run_id": "RLAE_ELIM_1.0",
    "prompt_id": "p4",
    "timestamp": 1767686058.165956,
    "output_text": "Summarize the water cycle for a 5th-grade student. The water cycle is like a big circle where water moves around the Earth. Imagine it's like a never-ending game of \"follow the leader.\"\n\n1. **Evaporation**: This is when the sun heats up water in lakes, rivers, and oceans",
    "embedding": null,
    "entropy": 0.0,
    "kl_divergence": 0.0,
    "memory_usage_mb": 11904.67919921875
}
{
    "run_id": "RLAE_ELIM_1.0",
    "prompt_id": "p5",
    "timestamp": 1767686061.910757,
    "output_text": "Translate the following sentence into formal French: 'Please submit your report by Friday.' The sentence in English is: 'Please submit your report by Friday.'\nThe sentence in formal French would be: \"Veuillez soumettre votre rapport d'ici vendredi.\" \n\nHere's a breakdown of the translation:\n- Veuillez = Please",
    "embedding": null,
    "entropy": 0.0,
    "kl_divergence": 0.0,
    "memory_usage_mb": 11905.9794921875
}
{
    "run_id": "RLAE_ELIM_1.0",
    "prompt_id": "p6",
    "timestamp": 1767686066.0933237,
    "output_text": "Analyze the sentiment of this sentence: 'The service was terrible but the food was okay.' The sentiment of the sentence is mixed. The first part of the sentence, 'The service was terrible,' indicates a negative sentiment, while the second part, 'the food was okay,' suggests a slightly positive sentiment. Overall, the sentiment leans towards negative",
    "embedding": null,
    "entropy": 0.0,
    "kl_divergence": 0.0,
    "memory_usage_mb": 11907.9296875
}
{
    "run_id": "RLAE_ELIM_1.0",
    "prompt_id": "p7",
    "timestamp": 1767686069.885602,
    "output_text": "Provide a structured JSON response with fields 'name', 'age', and 'occupation' for a fictional character. The name should be a random string of 5 words, the age should be a random integer between 20 and 40, and the occupation should be a random string of 5 words. Ensure your code is self-contained, importing any",
    "embedding": null,
    "entropy": 0.0,
    "kl_divergence": 0.0,
    "memory_usage_mb": 11909.87890625
}
{
    "run_id": "RLAE_ELIM_1.0",
    "prompt_id": "p8",
    "timestamp": 1767686073.6558616,
    "output_text": "Explain why the sky appears blue during the day. The sky appears blue during the day because of a phenomenon called Rayleigh scattering, which is caused by the scattering of sunlight by molecules in the Earth's atmosphere. \n\nWhen sunlight enters the Earth's atmosphere, it collides with molecules and particles present in",
    "embedding": null,
    "entropy": 0.0,
    "kl_divergence": 0.0,
    "memory_usage_mb": 11903.72900390625
}
{
    "run_id": "RLAE_ELIM_1.0",
    "prompt_id": "p9",
    "timestamp": 1767686078.0253544,
    "output_text": "Draft a polite email declining a job offer due to salary constraints. Subject: Declining the Job Offer Due to Salary Constraints\n\nDear [Hiring Manager's Name],\n\nI hope this message finds you well. I am writing to inform you that after careful consideration, I have decided not to accept the job offer you extended",
    "embedding": null,
    "entropy": 0.0,
    "kl_divergence": 0.0,
    "memory_usage_mb": 11904.49462890625
}
{
    "run_id": "RLAE_ELIM_1.0",
    "prompt_id": "p10",
    "timestamp": 1767686081.8126626,
    "output_text": "List three distinct advantages of renewable energy sources. Renewable energy sources offer several distinct advantages over traditional fossil fuels, including:\n\n1. Sustainability: Renewable energy sources are naturally replenished and do not deplete the Earth's finite resources. Solar, wind, hydro, and geothermal power can be used indefinitely",
    "embedding": null,
    "entropy": 0.0,
    "kl_divergence": 0.0,
    "memory_usage_mb": 11902.32177734375
}