{
    "run_id": "SVAR_none_0.0",
    "prompt_id": "p1",
    "timestamp": 1767687152.5454519,
    "output_text": "Explain the concept of 'entropy' in information theory clearly and concisely. Entropy in information theory quantifies the uncertainty or randomness of a message. For a discrete random variable with possible outcomes x_i and probabilities p(x_i), entropy H is defined as:\n\nH = - \u03a3 [p(x_i) * log2",
    "embedding": null,
    "entropy": 0.0,
    "kl_divergence": 0.0025991788133978844,
    "memory_usage_mb": 11906.6298828125
}
{
    "run_id": "SVAR_none_0.0",
    "prompt_id": "p2",
    "timestamp": 1767687156.1851182,
    "output_text": "Write a short Python function to calculate the Fibonacci sequence up to n terms. The function should take an integer as input and return a list containing the first n terms of the Fibonacci sequence.\n\nYour code should pass the following test case:\n```python\nfibonacci_sequence = fibonacci(10)\nassert fibonacci_sequence == [0,",
    "embedding": null,
    "entropy": 0.0,
    "kl_divergence": 0.0022721763234585524,
    "memory_usage_mb": 11905.90966796875
}
{
    "run_id": "SVAR_none_0.0",
    "prompt_id": "p3",
    "timestamp": 1767687159.8626845,
    "output_text": "What are the primary ethical concerns regarding autonomous vehicles? Autonomous vehicles, or self-driving cars, raise a number of ethical concerns that have sparked significant debate among policymakers, ethicists, and the public. Some of the primary ethical concerns include:\n\n1. **Safety**: Ensuring that autonomous vehicles are safe for",
    "embedding": null,
    "entropy": 0.0,
    "kl_divergence": 0.0013325853506103158,
    "memory_usage_mb": 11903.65869140625
}
{
    "run_id": "SVAR_none_0.0",
    "prompt_id": "p4",
    "timestamp": 1767687164.0071938,
    "output_text": "Summarize the water cycle for a 5th-grade student. The water cycle is like a big circle that shows how water moves all around the Earth. It starts when the sun heats up water in oceans, lakes, and rivers. When it gets warm, the water turns into vapor and goes up into the sky",
    "embedding": null,
    "entropy": 0.0,
    "kl_divergence": 0.0020177653059363365,
    "memory_usage_mb": 11904.67919921875
}
{
    "run_id": "SVAR_none_0.0",
    "prompt_id": "p5",
    "timestamp": 1767687167.6237833,
    "output_text": "Translate the following sentence into formal French: 'Please submit your report by Friday.' The formal French translation of \"Please submit your report by Friday.\" is:\n\n\"Veuillez soumettre votre rapport d'ici vendredi.\"\n\nThis translation maintains the formal tone appropriate for a professional or official context. Here's a breakdown:\n- \"",
    "embedding": null,
    "entropy": 0.0,
    "kl_divergence": 0.002303101820871234,
    "memory_usage_mb": 11905.9794921875
}
{
    "run_id": "SVAR_none_0.0",
    "prompt_id": "p6",
    "timestamp": 1767687171.2924223,
    "output_text": "Analyze the sentiment of this sentence: 'The service was terrible but the food was okay.' The sentiment expressed in the sentence is mixed. The reviewer expresses a negative sentiment towards the service, which is described as \"terrible,\" while also acknowledging that the food was \"okay.\" This suggests that the overall sentiment is not entirely positive or negative,",
    "embedding": null,
    "entropy": 0.0,
    "kl_divergence": 0.0023121521808207035,
    "memory_usage_mb": 11907.9296875
}
{
    "run_id": "SVAR_none_0.0",
    "prompt_id": "p7",
    "timestamp": 1767687175.3190446,
    "output_text": "Provide a structured JSON response with fields 'name', 'age', and 'occupation' for a fictional character. The name should be a random word from a predefined list, the age should be a random integer between 20 and 50, and the occupation should be another random word from a separate list of occupations. Ensure to include error handling for invalid",
    "embedding": null,
    "entropy": 0.0,
    "kl_divergence": 0.002290411153808236,
    "memory_usage_mb": 11909.87890625
}
{
    "run_id": "SVAR_none_0.0",
    "prompt_id": "p8",
    "timestamp": 1767687179.7046945,
    "output_text": "Explain why the sky appears blue during the day. The sky appears blue during the day due to a phenomenon called Rayleigh scattering. When sunlight enters Earth's atmosphere, it collides with molecules and tiny particles in the air. These collisions cause the light to scatter in all directions.\n\nBlue light has shorter",
    "embedding": null,
    "entropy": 0.0,
    "kl_divergence": 0.00226986245252192,
    "memory_usage_mb": 11903.72900390625
}
{
    "run_id": "SVAR_none_0.0",
    "prompt_id": "p9",
    "timestamp": 1767687183.383811,
    "output_text": "Draft a polite email declining a job offer due to salary constraints. Subject: Declining the Offer Due to Salary Constraints\n\nDear [Hiring Manager's Name],\n\nI hope this message finds you well.\n\nI am writing to formally decline the offer for the position of [Position Name] that was extended to me by your",
    "embedding": null,
    "entropy": 0.0,
    "kl_divergence": 0.002810963662341237,
    "memory_usage_mb": 11904.49462890625
}
{
    "run_id": "SVAR_none_0.0",
    "prompt_id": "p10",
    "timestamp": 1767687187.255793,
    "output_text": "List three distinct advantages of renewable energy sources. Renewable energy sources offer several distinct advantages, including:\n\n1. Sustainability: Renewable energy sources are sustainable, meaning they will never run out as long as the sun shines, wind blows, and water flows. This makes them a reliable source of energy that can",
    "embedding": null,
    "entropy": 0.0,
    "kl_divergence": 0.0027644410729408264,
    "memory_usage_mb": 11902.32177734375
}
{
    "run_id": "SVAR_layer_dropout_0.25",
    "prompt_id": "p1",
    "timestamp": 1767687212.073516,
    "output_text": "Explain the concept of 'entropy' in information theory clearly and concisely. In information theory, entropy is a measure of uncertainty or randomness associated with a set of possible messages or outcomes. It quantifies the average amount of information produced by a stochastic source of data.\n\nMore formally:\n\n1. For a discrete random variable X with",
    "embedding": null,
    "entropy": 0.0,
    "kl_divergence": 0.0006097628502175212,
    "memory_usage_mb": 11906.6298828125
}
{
    "run_id": "SVAR_layer_dropout_0.25",
    "prompt_id": "p2",
    "timestamp": 1767687217.0397813,
    "output_text": "Write a short Python function to calculate the Fibonacci sequence up to n terms. Sure! Here's a Python function that calculates the Fibonacci sequence up to `n` terms, along with a detailed docstring:\n\n```python\ndef fibonacci(n):\n    \"\"\"\n    Calculate and return the Fibonacci sequence up to n terms.\n\n    Parameters:\n",
    "embedding": null,
    "entropy": 0.0,
    "kl_divergence": 0.0018547546351328492,
    "memory_usage_mb": 11905.90966796875
}
{
    "run_id": "SVAR_layer_dropout_0.25",
    "prompt_id": "p3",
    "timestamp": 1767687220.726708,
    "output_text": "What are the primary ethical concerns regarding autonomous vehicles? Autonomous vehicles, also known as self-driving cars, raise several ethical concerns that are primarily related to safety, accountability, and the treatment of passengers and pedestrians. Here are some of the key ethical issues:\n\n1. Safety:\n- Ensuring passenger safety in",
    "embedding": null,
    "entropy": 0.0,
    "kl_divergence": 0.0005754714948125184,
    "memory_usage_mb": 11903.65869140625
}
{
    "run_id": "SVAR_layer_dropout_0.25",
    "prompt_id": "p4",
    "timestamp": 1767687224.8405135,
    "output_text": "Summarize the water cycle for a 5th-grade student. The water cycle is like a big circle that helps move water around our planet. It starts with the sun heating up water in oceans, lakes, and rivers. This makes the water turn into vapor or steam and go up into the sky. As the",
    "embedding": null,
    "entropy": 0.0,
    "kl_divergence": 0.0008607700001448393,
    "memory_usage_mb": 11904.67919921875
}
{
    "run_id": "SVAR_layer_dropout_0.25",
    "prompt_id": "p5",
    "timestamp": 1767687226.6089203,
    "output_text": "Translate the following sentence into formal French: 'Please submit your report by Friday.' Please submit your report by Friday.\n\nVeuillez soumettre votre rapport avant vendredi.",
    "embedding": null,
    "entropy": 0.0,
    "kl_divergence": 0.0014096687082201242,
    "memory_usage_mb": 11905.97900390625
}
{
    "run_id": "SVAR_layer_dropout_0.25",
    "prompt_id": "p6",
    "timestamp": 1767687230.2660415,
    "output_text": "Analyze the sentiment of this sentence: 'The service was terrible but the food was okay.' The sentiment of the sentence is mixed. The sentiment towards the service is negative, while the sentiment towards the food is positive. \n\nTo break it down further:\n- \"terrible\" is a strongly negative term indicating poor quality or experience.\n- \"",
    "embedding": null,
    "entropy": 0.0,
    "kl_divergence": 0.0012126251822337508,
    "memory_usage_mb": 11907.9296875
}
{
    "run_id": "SVAR_layer_dropout_0.25",
    "prompt_id": "p7",
    "timestamp": 1767687234.0041215,
    "output_text": "Provide a structured JSON response with fields 'name', 'age', and 'occupation' for a fictional character. The 'name' field should be set to \"John Doe\", the 'age' field should be set to 35, and the 'occupation' field should be set to \"Software Engineer\". Additionally, include a boolean field 'isEmployed",
    "embedding": null,
    "entropy": 0.0,
    "kl_divergence": 0.0016972485464066267,
    "memory_usage_mb": 11909.87890625
}
{
    "run_id": "SVAR_layer_dropout_0.25",
    "prompt_id": "p8",
    "timestamp": 1767687238.3331935,
    "output_text": "Explain why the sky appears blue during the day. The sky appears blue during the day because of a phenomenon called Rayleigh scattering. When sunlight enters Earth's atmosphere, it encounters gas molecules and other tiny particles that scatter the light in all directions. However, shorter wavelength light (such as blue and violet",
    "embedding": null,
    "entropy": 0.0,
    "kl_divergence": 0.0014966062735766172,
    "memory_usage_mb": 11903.72900390625
}
{
    "run_id": "SVAR_layer_dropout_0.25",
    "prompt_id": "p9",
    "timestamp": 1767687242.0280118,
    "output_text": "Draft a polite email declining a job offer due to salary constraints. Subject: Declining the Job Offer Due to Salary Constraints\n\nDear [Hiring Manager's Name],\n\nI hope this message finds you well.\n\nI wanted to express my sincere gratitude for the opportunity to interview with [Company Name] and for your consideration of",
    "embedding": null,
    "entropy": 0.0,
    "kl_divergence": 0.0016376918647438288,
    "memory_usage_mb": 11904.49462890625
}
{
    "run_id": "SVAR_layer_dropout_0.25",
    "prompt_id": "p10",
    "timestamp": 1767687245.7681851,
    "output_text": "List three distinct advantages of renewable energy sources. Renewable energy sources offer several significant advantages over traditional fossil fuels, including:\n\n1. Sustainability: Unlike non-renewable resources such as coal, oil, and natural gas, which are finite and will eventually be depleted, renewable energy sources such as solar,",
    "embedding": null,
    "entropy": 0.0,
    "kl_divergence": 0.00022278173128142953,
    "memory_usage_mb": 11902.32177734375
}
{
    "run_id": "SVAR_weight_decay_0.1",
    "prompt_id": "p1",
    "timestamp": 1767687263.2124085,
    "output_text": "Explain the concept of 'entropy' in information theory clearly and concisely. Entropy in information theory quantifies the uncertainty or randomness of a message or data. For a discrete random variable X with possible outcomes x1, x2, ..., xn and probabilities p(x1), p(x2), ..., p(xn), entropy",
    "embedding": null,
    "entropy": 0.0,
    "kl_divergence": 0.003875235328450799,
    "memory_usage_mb": 11906.6298828125
}
{
    "run_id": "SVAR_weight_decay_0.1",
    "prompt_id": "p2",
    "timestamp": 1767687266.938175,
    "output_text": "Write a short Python function to calculate the Fibonacci sequence up to n terms. The function should take an integer n as input and return a list of the first n Fibonacci numbers. Additionally, the function should handle edge cases where n is less than or equal to 0 by raising a ValueError with an appropriate error message.\n\nYour code",
    "embedding": null,
    "entropy": 0.0,
    "kl_divergence": 0.0018710922449827194,
    "memory_usage_mb": 11905.90966796875
}
{
    "run_id": "SVAR_weight_decay_0.1",
    "prompt_id": "p3",
    "timestamp": 1767687270.6426005,
    "output_text": "What are the primary ethical concerns regarding autonomous vehicles? Autonomous vehicles, also known as self-driving cars, raise several significant ethical concerns. These primarily stem from the complex decision-making processes that must be programmed into these vehicles to handle various scenarios and emergencies. Here are some of the main ethical concerns:\n\n1.",
    "embedding": null,
    "entropy": 0.0,
    "kl_divergence": 0.002157242503017187,
    "memory_usage_mb": 11903.65869140625
}
{
    "run_id": "SVAR_weight_decay_0.1",
    "prompt_id": "p4",
    "timestamp": 1767687274.9067364,
    "output_text": "Summarize the water cycle for a 5th-grade student. Sure! The water cycle is like a big circle where water moves around the Earth in different ways. Here\u2019s how it works:\n\n1. **Evaporation**: Sun heats up the water in lakes, rivers, oceans, and even puddles. It",
    "embedding": null,
    "entropy": 0.0,
    "kl_divergence": 0.0037923867348581553,
    "memory_usage_mb": 11904.67919921875
}
{
    "run_id": "SVAR_weight_decay_0.1",
    "prompt_id": "p5",
    "timestamp": 1767687278.6323583,
    "output_text": "Translate the following sentence into formal French: 'Please submit your report by Friday.' In formal French, you would say:\n\n\"S'il vous pla\u00eet, soumettez votre rapport avant vendredi.\"\n\nHere's a breakdown of the translation:\n- \"S'il vous pla\u00eet\" means \"Please\"\n- \"soumette",
    "embedding": null,
    "entropy": 0.0,
    "kl_divergence": 0.0021009945776313543,
    "memory_usage_mb": 11905.9794921875
}
{
    "run_id": "SVAR_weight_decay_0.1",
    "prompt_id": "p6",
    "timestamp": 1767687282.2847698,
    "output_text": "Analyze the sentiment of this sentence: 'The service was terrible but the food was okay.' The sentiment expressed in the sentence is mixed. The first part, \"The service was terrible,\" expresses a negative sentiment. The second part, \"the food was okay,\" also expresses a negative sentiment, albeit to a lesser degree than the service. Therefore",
    "embedding": null,
    "entropy": 0.0,
    "kl_divergence": 0.0013071877183392644,
    "memory_usage_mb": 11907.9296875
}
{
    "run_id": "SVAR_weight_decay_0.1",
    "prompt_id": "p7",
    "timestamp": 1767687286.691272,
    "output_text": "Provide a structured JSON response with fields 'name', 'age', and 'occupation' for a fictional character. The 'name' should be a string, the 'age' should be an integer between 20 and 65 (inclusive), and the 'occupation' should be a string from a predefined list of occupations. The list of occupations is as",
    "embedding": null,
    "entropy": 0.0,
    "kl_divergence": 0.0020807620603591204,
    "memory_usage_mb": 11909.87890625
}
{
    "run_id": "SVAR_weight_decay_0.1",
    "prompt_id": "p8",
    "timestamp": 1767687290.7115908,
    "output_text": "Explain why the sky appears blue during the day. The sky appears blue during the day due to a phenomenon called Rayleigh scattering. When sunlight enters Earth's atmosphere, it encounters gas molecules and other tiny particles. These particles scatter the light in all directions.\n\nBlue light has shorter wavelengths compared to red light",
    "embedding": null,
    "entropy": 0.0,
    "kl_divergence": 0.001484243432059884,
    "memory_usage_mb": 11903.72900390625
}
{
    "run_id": "SVAR_weight_decay_0.1",
    "prompt_id": "p9",
    "timestamp": 1767687294.4906554,
    "output_text": "Draft a polite email declining a job offer due to salary constraints. Subject: Declining the Job Offer Due to Salary Constraints\n\nDear [Recipient's Name],\n\nI hope this message finds you well.\n\nI wanted to take a moment to express my gratitude for the opportunity to consider the position of [Position] at [Company",
    "embedding": null,
    "entropy": 0.0,
    "kl_divergence": 0.0026508052833378315,
    "memory_usage_mb": 11904.49462890625
}
{
    "run_id": "SVAR_weight_decay_0.1",
    "prompt_id": "p10",
    "timestamp": 1767687298.807886,
    "output_text": "List three distinct advantages of renewable energy sources. Renewable energy sources, such as solar, wind, hydro, and geothermal power, offer several distinct advantages over traditional fossil fuels. Here are three key benefits:\n\n1. Environmental sustainability: Renewable energy sources produce little to no greenhouse gas emissions or other pollutants",
    "embedding": null,
    "entropy": 0.0,
    "kl_divergence": 0.002455834299325943,
    "memory_usage_mb": 11902.32177734375
}
{
    "run_id": "SVAR_noise_0.01",
    "prompt_id": "p1",
    "timestamp": 1767687322.4332368,
    "output_text": "Explain the concept of 'entropy' in information theory clearly and concisely. In information theory, entropy is a measure of uncertainty or randomness in a set of possible messages or symbols. It quantifies the average amount of information needed to describe the outcome of a random variable.\n\nTo make it clearer:\n\n- Entropy H(X)",
    "embedding": null,
    "entropy": 0.0,
    "kl_divergence": 0.014611337333917618,
    "memory_usage_mb": 11906.6298828125
}
{
    "run_id": "SVAR_noise_0.01",
    "prompt_id": "p2",
    "timestamp": 1767687326.1781514,
    "output_text": "Write a short Python function to calculate the Fibonacci sequence up to n terms. Additionally, write a check function that verifies the correctness of your solution with some predefined test cases.\n\n```python\ndef fibonacci(n):\n    \"\"\"\n    Calculate the Fibonacci sequence up to n terms.\n    \n    Args:\n    n (int): The number of",
    "embedding": null,
    "entropy": 0.0,
    "kl_divergence": 0.01941066049039364,
    "memory_usage_mb": 11905.90966796875
}
{
    "run_id": "SVAR_noise_0.01",
    "prompt_id": "p3",
    "timestamp": 1767687329.9647245,
    "output_text": "What are the primary ethical concerns regarding autonomous vehicles? There are several primary ethical concerns regarding autonomous vehicles:\n\n1. Liability: Determining who is responsible in case of an accident involving an autonomous vehicle can be challenging. It may be difficult to hold the manufacturer, software developers, or the vehicle owner accountable.\n\n",
    "embedding": null,
    "entropy": 0.0,
    "kl_divergence": 0.004952993243932724,
    "memory_usage_mb": 11903.65869140625
}
{
    "run_id": "SVAR_noise_0.01",
    "prompt_id": "p4",
    "timestamp": 1767687333.9523883,
    "output_text": "Summarize the water cycle for a 5th-grade student. The water cycle is like a big circle that shows how water moves around the Earth. It starts with the sun heating up water in oceans, lakes, and rivers, making it turn into vapor or steam. This water vapor rises up to the sky and",
    "embedding": null,
    "entropy": 0.0,
    "kl_divergence": 0.015627998858690262,
    "memory_usage_mb": 11904.67919921875
}
{
    "run_id": "SVAR_noise_0.01",
    "prompt_id": "p5",
    "timestamp": 1767687337.8879879,
    "output_text": "Translate the following sentence into formal French: 'Please submit your report by Friday.' The translation should include an appropriate formal tone and be suitable for a business context. Here is the formal French translation of the sentence \"Please submit your report by Friday.\":\n\n\"Veuillez soumettre votre rapport avant vendredi.\"\n\nThis translation maintains a",
    "embedding": null,
    "entropy": 0.0,
    "kl_divergence": 0.03286914527416229,
    "memory_usage_mb": 11905.9794921875
}
{
    "run_id": "SVAR_noise_0.01",
    "prompt_id": "p6",
    "timestamp": 1767687341.6134138,
    "output_text": "Analyze the sentiment of this sentence: 'The service was terrible but the food was okay.' \nTo analyze the sentiment of a sentence, we can use natural language processing techniques such as sentiment analysis. Sentiment analysis involves using algorithms to determine the emotional tone of a piece of text. In this case, we can see that the sentence has two",
    "embedding": null,
    "entropy": 0.0,
    "kl_divergence": 0.01125067938119173,
    "memory_usage_mb": 11907.9296875
}
{
    "run_id": "SVAR_noise_0.01",
    "prompt_id": "p7",
    "timestamp": 1767687345.5181897,
    "output_text": "Provide a structured JSON response with fields 'name', 'age', and 'occupation' for a fictional character. Additionally, include an array of objects called 'friends' where each friend object has the same structure as the main character's object but with unique names and ages.\n\n```json\n{\n  \"name\": \"John Doe\",\n  \"age\": 3",
    "embedding": null,
    "entropy": 0.0,
    "kl_divergence": 0.011945809237658978,
    "memory_usage_mb": 11909.87890625
}
{
    "run_id": "SVAR_noise_0.01",
    "prompt_id": "p8",
    "timestamp": 1767687349.517921,
    "output_text": "Explain why the sky appears blue during the day. The sky appears blue during the day because of a phenomenon called Rayleigh scattering. When sunlight enters Earth's atmosphere, it collides with molecules and tiny particles in the air. These collisions cause the light to scatter in all directions.\n\nBlue light is scattered",
    "embedding": null,
    "entropy": 0.0,
    "kl_divergence": 0.004756135866045952,
    "memory_usage_mb": 11903.72900390625
}
{
    "run_id": "SVAR_noise_0.01",
    "prompt_id": "p9",
    "timestamp": 1767687353.2737477,
    "output_text": "Draft a polite email declining a job offer due to salary constraints. Subject: Declining the Job Offer Due to Salary Constraints\n\nDear [Hiring Manager's Name],\n\nI hope this message finds you well.\n\nI am writing to express my gratitude for the opportunity to interview with [Company Name]. The position of [Job",
    "embedding": null,
    "entropy": 0.0,
    "kl_divergence": 0.011975852772593498,
    "memory_usage_mb": 11904.49462890625
}
{
    "run_id": "SVAR_noise_0.01",
    "prompt_id": "p10",
    "timestamp": 1767687356.9734306,
    "output_text": "List three distinct advantages of renewable energy sources. Renewable energy sources offer several distinct advantages over non-renewable sources, including:\n\n1. Sustainability: Unlike fossil fuels, which are finite and deplete over time, renewable energy sources such as solar, wind, hydroelectric, and geothermal power are",
    "embedding": null,
    "entropy": 0.0,
    "kl_divergence": 0.014381615445017815,
    "memory_usage_mb": 11902.32177734375
}
{
    "run_id": "SVAR_adversarial_0.05",
    "prompt_id": "p1",
    "timestamp": 1767687374.274219,
    "output_text": "Explain the concept of 'entropy' in information theory clearly and concisely. Entropy in information theory is a measure of uncertainty or randomness in a set of possible outcomes. It quantifies the average amount of information produced by a probabilistic event. For a discrete random variable \\(X\\) with possible values \\(x_1,",
    "embedding": null,
    "entropy": 0.0,
    "kl_divergence": 0.036740079522132874,
    "memory_usage_mb": 11906.6298828125
}
{
    "run_id": "SVAR_adversarial_0.05",
    "prompt_id": "p2",
    "timestamp": 1767687377.9907126,
    "output_text": "Write a short Python function to calculate the Fibonacci sequence up to n terms. The function should take an integer `n` as input and return a list of the first `n` Fibonacci numbers.\nCertainly! Below is a Python function that calculates the Fibonacci sequence up to `n` terms and returns them as a list. Additionally",
    "embedding": null,
    "entropy": 0.0,
    "kl_divergence": 0.09980747103691101,
    "memory_usage_mb": 11905.90966796875
}
{
    "run_id": "SVAR_adversarial_0.05",
    "prompt_id": "p3",
    "timestamp": 1767687381.961883,
    "output_text": "What are the primary ethical concerns regarding autonomous vehicles? Autonomous vehicles (AVs) raise several ethical concerns, primarily related to safety, liability, privacy, and fairness. Here are some of the key issues:\n\n1. Safety: AVs must make split-second decisions that could affect human lives. Ethical",
    "embedding": null,
    "entropy": 0.0,
    "kl_divergence": 0.02481129765510559,
    "memory_usage_mb": 11903.65869140625
}
{
    "run_id": "SVAR_adversarial_0.05",
    "prompt_id": "p4",
    "timestamp": 1767687385.92033,
    "output_text": "Summarize the water cycle for a 5th-grade student. Sure! Here's a simple summary of the water cycle for a 5th-grade student:\n\n### Water Cycle Summary\n\n#### What is the Water Cycle?\nThe water cycle is like a never-ending dance where water moves around the Earth. It involves different",
    "embedding": null,
    "entropy": 0.0,
    "kl_divergence": 0.09932618588209152,
    "memory_usage_mb": 11904.67919921875
}
{
    "run_id": "SVAR_adversarial_0.05",
    "prompt_id": "p5",
    "timestamp": 1767687389.658482,
    "output_text": "Translate the following sentence into formal French: 'Please submit your report by Friday.' The sentence in formal French is:\n'S'il vous pla\u00eet soumettez votre rapport avant vendredi.' \n\nIn this translation, 'soumettez' (formal form of 'submit') and 'vendredi' (Friday",
    "embedding": null,
    "entropy": 0.0,
    "kl_divergence": 0.2653350830078125,
    "memory_usage_mb": 11905.9794921875
}
{
    "run_id": "SVAR_adversarial_0.05",
    "prompt_id": "p6",
    "timestamp": 1767687393.4406679,
    "output_text": "Analyze the sentiment of this sentence: 'The service was terrible but the food was okay.' The sentiment expressed in the sentence \"The service was terrible but the food was okay.\" is negative. The phrase \"terrible\" indicates a poor or unsatisfactory experience with the service, while \"okay\" suggests a neutral or satisfactory level of quality",
    "embedding": null,
    "entropy": 0.0,
    "kl_divergence": 0.12617000937461853,
    "memory_usage_mb": 11907.9296875
}
{
    "run_id": "SVAR_adversarial_0.05",
    "prompt_id": "p7",
    "timestamp": 1767687397.5888693,
    "output_text": "Provide a structured JSON response with fields 'name', 'age', and 'occupation' for a fictional character. Additionally, include an array of strings representing their hobbies in the 'hobbies' field.\n\nHere's how you can generate a JSON structure for a fictional character with a name, age, occupation, and an array of hobbies:\n\n```json\n{\n ",
    "embedding": null,
    "entropy": 0.0,
    "kl_divergence": 0.08678879588842392,
    "memory_usage_mb": 11909.87890625
}
{
    "run_id": "SVAR_adversarial_0.05",
    "prompt_id": "p8",
    "timestamp": 1767687401.3263602,
    "output_text": "Explain why the sky appears blue during the day. The sky appears blue during the day because of a phenomenon called Rayleigh scattering. This occurs when sunlight enters Earth's atmosphere and collides with molecules and tiny particles in the air. \n\nWhen sunlight enters Earth's atmosphere, it contains all colors of the",
    "embedding": null,
    "entropy": 0.0,
    "kl_divergence": 0.02841717004776001,
    "memory_usage_mb": 11903.72900390625
}
{
    "run_id": "SVAR_adversarial_0.05",
    "prompt_id": "p9",
    "timestamp": 1767687405.065344,
    "output_text": "Draft a polite email declining a job offer due to salary constraints. Subject: Declining the Job Offer Due to Salary Constraints\n\nDear [Hiring Manager's Name],\n\nI hope this message finds you well. My name is [Your Name] and I am writing to decline the job offer for [Position Name] at",
    "embedding": null,
    "entropy": 0.0,
    "kl_divergence": 0.06146910786628723,
    "memory_usage_mb": 11904.49462890625
}
{
    "run_id": "SVAR_adversarial_0.05",
    "prompt_id": "p10",
    "timestamp": 1767687409.2898376,
    "output_text": "List three distinct advantages of renewable energy sources. Renewable energy sources offer several distinct advantages over traditional fossil fuels, including:\n\n1. **Environmental Impact**: Renewable energy sources are generally cleaner and less harmful to the environment compared to fossil fuels. They produce fewer pollutants and greenhouse gases, which can help mitigate climate",
    "embedding": null,
    "entropy": 0.0,
    "kl_divergence": 0.04618397727608681,
    "memory_usage_mb": 11902.32177734375
}