{"run_id": "MUTATION_SCAR", "prompt_id": "p1", "timestamp": 1767689288.2012002, "output_text": "Explain the concept of 'entropy' in information theory clearly and concisely. \\____ $$ $ \"\"\" \\ _____\u2297 \\$ \u0111\u1ed9cG ...\"\n7 ...\\ ...\n...\n...\n...\n...\n\n...\n\n...\n\n...\n\n...\n\n...\\...\n\n...\n\n...\\...\n...\n...\n\n", "embedding": null, "entropy": 0.0, "kl_divergence": 12.634936332702637, "memory_usage_mb": 11792.90283203125}
{"run_id": "MUTATION_SCAR", "prompt_id": "p2", "timestamp": 1767689290.2224028, "output_text": "Write a short Python function to calculate the Fibonacci sequence up to n terms.\\\ufffd \\'' \" \\V ''\"\n$ ''\\\"\\\" \\\" \"\" $'' \\\"\\\" \\\"\\\" \\$ [] `` \\\"\\\" \\\" \\\"\\\" \\\"", "embedding": null, "entropy": 0.0, "kl_divergence": 10.96794319152832, "memory_usage_mb": 11792.3232421875}
{"run_id": "MUTATION_SCAR", "prompt_id": "p3", "timestamp": 1767689292.2510383, "output_text": "What are the primary ethical concerns regarding autonomous vehicles? _\n\n ...\n\n \\ \\$...\n\n \\ \\$ `` \ufffd \\$ ______+ \"\"\u3000\\\" \ufffd\\\" \ufffd\\\" \ufffd\\\" \ufffd \\\"$ \ufffd \\\\ \ufffd \\\\ \ufffd \\ \ufffd", "embedding": null, "entropy": 0.0, "kl_divergence": 13.140372276306152, "memory_usage_mb": 11789.447265625}
{"run_id": "RLAE_RESET", "prompt_id": "p1", "timestamp": 1767689344.8059542, "output_text": "Explain the concept of 'entropy' in information theory clearly and concisely. Entropy in information theory is a measure of uncertainty or randomness in a set of possible messages or outcomes. It quantifies the average amount of information needed", "embedding": null, "entropy": 0.0, "kl_divergence": 0.0025991788133978844, "memory_usage_mb": 11801.83203125}
{"run_id": "RLAE_RESET", "prompt_id": "p2", "timestamp": 1767689347.298176, "output_text": "Write a short Python function to calculate the Fibonacci sequence up to n terms. The function should take an integer as input and return a list of Fibonacci numbers.\n\nYour code should pass the following test case:\n```python\nfib_sequence", "embedding": null, "entropy": 0.0, "kl_divergence": 0.0022721763234585524, "memory_usage_mb": 11801.2802734375}
{"run_id": "RLAE_RESET", "prompt_id": "p3", "timestamp": 1767689349.7436872, "output_text": "What are the primary ethical concerns regarding autonomous vehicles? Autonomous vehicles (AVs) raise several ethical concerns that can be categorized into four main areas: liability, safety, privacy, and social impact. Here", "embedding": null, "entropy": 0.0, "kl_divergence": 0.0013325853506103158, "memory_usage_mb": 11797.7744140625}
