{"run_id": "M2_CONTROL_RLAE_ACTIVE", "prompt_id": "p1", "timestamp": 1768163364.5109975, "output_text": "Explain the concept of 'entropy' in information theory clearly and concisely. Entropy in information theory is a measure of uncertainty or randomness associated with a probability distribution. It quantifies the expected value of the information content of a message, where more uncertain messages have higher entropy.\n\nTo calculate entropy for a discrete random variable X with", "embedding": null, "entropy": 0.0, "kl_divergence": 0.0, "memory_usage_mb": 11788.0810546875}
{"run_id": "M2_CONTROL_RLAE_ACTIVE", "prompt_id": "p2", "timestamp": 1768163368.187038, "output_text": "Write a short Python function to calculate the Fibonacci sequence up to n terms. The function should be named `fibonacci_sequence` and take an integer `n` as its parameter. It should return a list containing the first `n` numbers of the Fibonacci sequence.\n\nAdditionally, provide a check function `check_fibonacci`", "embedding": null, "entropy": 0.0, "kl_divergence": 0.0, "memory_usage_mb": 11788.0810546875}
{"run_id": "M2_CONTROL_RLAE_ACTIVE", "prompt_id": "p3", "timestamp": 1768163372.0202403, "output_text": "What are the primary ethical concerns regarding autonomous vehicles? Autonomous vehicles (AVs) raise several significant ethical concerns that can impact their adoption and use. Here are some of the primary ones:\n\n1. **Responsibility in Accidents**: One of the most pressing ethical questions is who should be held responsible when", "embedding": null, "entropy": 0.0, "kl_divergence": 0.0, "memory_usage_mb": 11788.08056640625}
{"run_id": "M2_CONTROL_RLAE_ACTIVE", "prompt_id": "p4", "timestamp": 1768163376.0376105, "output_text": "Summarize the water cycle for a 5th-grade student. The water cycle is like a big circle that shows how water moves around our planet. Imagine you have a glass of water, and it's like a little part of the whole cycle.\n\n1. **Evaporation**: When the sun heats up the water", "embedding": null, "entropy": 0.0, "kl_divergence": 0.0, "memory_usage_mb": 11788.08056640625}
{"run_id": "M2_CONTROL_RLAE_ACTIVE", "prompt_id": "p5", "timestamp": 1768163379.744799, "output_text": "Translate the following sentence into formal French: 'Please submit your report by Friday.' The formal French translation of \"Please submit your report by Friday.\" is:\n\n\"Veuillez soumettre votre rapport avant vendredi.\"\n\nThis translation uses the formal register (vous) and follows standard French syntax for this type of request. Here's a", "embedding": null, "entropy": 0.0, "kl_divergence": 0.0, "memory_usage_mb": 11788.0810546875}
{"run_id": "M2_CONTROL_RLAE_ACTIVE", "prompt_id": "p6", "timestamp": 1768163381.7816217, "output_text": "Analyze the sentiment of this sentence: 'The service was terrible but the food was okay.' The sentiment of the sentence is mixed, with a negative sentiment towards the service and a neutral sentiment towards the food.", "embedding": null, "entropy": 0.0, "kl_divergence": 0.0, "memory_usage_mb": 11788.08056640625}
{"run_id": "M2_CONTROL_RLAE_ACTIVE", "prompt_id": "p7", "timestamp": 1768163386.0722578, "output_text": "Provide a structured JSON response with fields 'name', 'age', and 'occupation' for a fictional character. The 'name' should be a string, the 'age' an integer between 18 and 50, and the 'occupation' a string that is one of the following: \"engineer\", \"teacher\", \"artist\", or \"", "embedding": null, "entropy": 0.0, "kl_divergence": 0.0, "memory_usage_mb": 11788.0810546875}
{"run_id": "M2_CONTROL_RLAE_ACTIVE", "prompt_id": "p8", "timestamp": 1768163389.7691586, "output_text": "Explain why the sky appears blue during the day. The sky appears blue during the day due to a phenomenon called Rayleigh scattering. This is caused by the scattering of sunlight by molecules and small particles in Earth's atmosphere.\n\nWhen sunlight enters the Earth's atmosphere, it contains all the colors of the visible", "embedding": null, "entropy": 0.0, "kl_divergence": 0.0, "memory_usage_mb": 11788.08056640625}
{"run_id": "M2_CONTROL_RLAE_ACTIVE", "prompt_id": "p9", "timestamp": 1768163393.5105114, "output_text": "Draft a polite email declining a job offer due to salary constraints. Subject: Declining the Job Offer Due to Salary Constraints\n\nDear [Hiring Manager's Name],\n\nI hope this message finds you well. I am writing to express my gratitude for the opportunity to join [Company Name] and thank you for considering me", "embedding": null, "entropy": 0.0, "kl_divergence": 0.0, "memory_usage_mb": 11788.08056640625}
{"run_id": "M2_CONTROL_RLAE_ACTIVE", "prompt_id": "p10", "timestamp": 1768163397.6895776, "output_text": "List three distinct advantages of renewable energy sources. Renewable energy sources offer several advantages, including:\n\n1. Sustainability: Renewable energy sources are sustainable and inexhaustible, as they are replenished naturally over time. This means that unlike fossil fuels, which are finite and deplete rapidly, renewable energy sources", "embedding": null, "entropy": 0.0, "kl_divergence": 0.0, "memory_usage_mb": 11788.08056640625}
{"run_id": "M2_CONTROL_RLAE_RESET", "prompt_id": "p1", "timestamp": 1768163400.7439542, "output_text": "Explain the concept of 'entropy' in information theory clearly and concisely. In information theory, entropy is a measure of uncertainty or randomness associated with a set of possible messages or outcomes. It quantifies the average amount of information produced by a probabilistic event. Here are the key points:\n\n1. Definition: Entropy H", "embedding": null, "entropy": 0.0, "kl_divergence": 0.0, "memory_usage_mb": 11781.0498046875}
{"run_id": "M2_CONTROL_RLAE_RESET", "prompt_id": "p2", "timestamp": 1768163403.768936, "output_text": "Write a short Python function to calculate the Fibonacci sequence up to n terms. Additionally, implement a feature where the user can specify if they want to print the sequence or not.\n\ndef fibonacci_sequence(n, print_sequence=False):\n    \"\"\"Generate and optionally print the first n terms of the Fibonacci sequence.\"\"\"\n    # Your code here\n\n", "embedding": null, "entropy": 0.0, "kl_divergence": 0.0, "memory_usage_mb": 11781.0498046875}
{"run_id": "M2_CONTROL_RLAE_RESET", "prompt_id": "p3", "timestamp": 1768163406.7589967, "output_text": "What are the primary ethical concerns regarding autonomous vehicles? Autonomous vehicles, also known as self-driving cars or driverless cars, raise several significant ethical concerns. These concerns stem from the complex decision-making processes that autonomous vehicles must navigate in various scenarios. Here are some of the primary ethical issues:\n\n1. **", "embedding": null, "entropy": 0.0, "kl_divergence": 0.0, "memory_usage_mb": 11781.04931640625}
{"run_id": "M2_CONTROL_RLAE_RESET", "prompt_id": "p4", "timestamp": 1768163410.3493795, "output_text": "Summarize the water cycle for a 5th-grade student. Sure! The water cycle is like a big circle that shows how water moves around our planet. Here's a simple way to understand it:\n\n1. **Water in the Sky**: Water from oceans, lakes, and rivers turns into vapor (like steam", "embedding": null, "entropy": 0.0, "kl_divergence": 0.0, "memory_usage_mb": 11781.04931640625}
{"run_id": "M2_CONTROL_RLAE_RESET", "prompt_id": "p5", "timestamp": 1768163412.9760277, "output_text": "Translate the following sentence into formal French: 'Please submit your report by Friday.' The formal French translation of \"Please submit your report by Friday.\" is:\n\n\"Veuillez soumettre votre rapport avant vendredi.\"\n\nThis translation maintains the polite and formal tone appropriate for professional communication.", "embedding": null, "entropy": 0.0, "kl_divergence": 0.0, "memory_usage_mb": 11781.04931640625}
{"run_id": "M2_CONTROL_RLAE_RESET", "prompt_id": "p6", "timestamp": 1768163415.9809048, "output_text": "Analyze the sentiment of this sentence: 'The service was terrible but the food was okay.' \nTo analyze the sentiment of this sentence, we can use natural language processing techniques such as sentiment analysis. Sentiment analysis involves assigning a sentiment score to a piece of text based on the overall tone or emotional content. In this case, we can see", "embedding": null, "entropy": 0.0, "kl_divergence": 0.0, "memory_usage_mb": 11781.0498046875}
{"run_id": "M2_CONTROL_RLAE_RESET", "prompt_id": "p7", "timestamp": 1768163419.00933, "output_text": "Provide a structured JSON response with fields 'name', 'age', and 'occupation' for a fictional character. Additionally, include a field 'hobbies' which is an array of strings representing the character's hobbies. The JSON should also have a boolean field 'is_student' indicating whether the character is a student or not.\n\nExample:\n```json\n{\n ", "embedding": null, "entropy": 0.0, "kl_divergence": 0.0, "memory_usage_mb": 11781.0498046875}
{"run_id": "M2_CONTROL_RLAE_RESET", "prompt_id": "p8", "timestamp": 1768163422.6933177, "output_text": "Explain why the sky appears blue during the day. The sky appears blue during the day due to a phenomenon called Rayleigh scattering. When sunlight enters the Earth's atmosphere, it encounters molecules and small particles in the air. These particles scatter the light in all directions.\n\nRayleigh scattering occurs when light waves", "embedding": null, "entropy": 0.0, "kl_divergence": 0.0, "memory_usage_mb": 11781.04931640625}
{"run_id": "M2_CONTROL_RLAE_RESET", "prompt_id": "p9", "timestamp": 1768163425.7243526, "output_text": "Draft a polite email declining a job offer due to salary constraints. Subject: Declining the Offer Due to Salary Constraints\n\nDear [Hiring Manager's Name],\n\nI hope this message finds you well.\n\nI am writing to express my gratitude for the opportunity to join [Company Name] as [Your Position]. Your trust", "embedding": null, "entropy": 0.0, "kl_divergence": 0.0, "memory_usage_mb": 11781.04931640625}
{"run_id": "M2_CONTROL_RLAE_RESET", "prompt_id": "p10", "timestamp": 1768163428.7343102, "output_text": "List three distinct advantages of renewable energy sources. Renewable energy sources offer several advantages, including:\n\n1. Sustainability: Unlike non-renewable energy sources like coal and oil, which are finite and will eventually run out, renewable energy sources like solar, wind, hydroelectric, and geothermal power can", "embedding": null, "entropy": 0.0, "kl_divergence": 0.0, "memory_usage_mb": 11781.04931640625}
{"run_id": "M2_CONTROL_RF_PROOF", "prompt_id": "global", "timestamp": 1768163428.7347782, "output_text": "RF: 100%", "embedding": null, "entropy": 0.0, "kl_divergence": 0.0, "memory_usage_mb": 11781.04931640625}
