{"run_id": "SVAR_none_0.0", "prompt_id": "p1", "timestamp": 1768066379.0475004, "output_text": "Explain the concept of 'entropy' in information theory clearly and concisely. Discuss its relationship to uncertainty, randomness, and data compression. Entropy is a fundamental concept in information theory that quantifies the amount of uncertainty or randomness in a set of possible outcomes. It measures the average level of information content or surprisal.\n\n", "embedding": null, "entropy": 0.0, "kl_divergence": 0.05999075621366501, "memory_usage_mb": 11906.6298828125}
{"run_id": "SVAR_none_0.0", "prompt_id": "p2", "timestamp": 1768066382.9013603, "output_text": "Write a short Python function to calculate the Fibonacci sequence up to n terms. Sure! Here's a short Python function that calculates the Fibonacci sequence up to `n` terms:\n\n```python\ndef fibonacci(n):\n    \"\"\"\n    Calculate the Fibonacci sequence up to n terms.\n    \n    Parameters:\n    n (int): Number of", "embedding": null, "entropy": 0.0, "kl_divergence": 0.01067506056278944, "memory_usage_mb": 11905.90966796875}
{"run_id": "SVAR_none_0.0", "prompt_id": "p3", "timestamp": 1768066386.8507874, "output_text": "What are the primary ethical concerns regarding autonomous vehicles? Autonomous vehicles (AVs) raise several ethical concerns, primarily due to their reliance on complex algorithms and decision-making processes. Here are some of the key issues:\n\n1. **Liability and Responsibility**: When an AV is involved in an accident, it", "embedding": null, "entropy": 0.0, "kl_divergence": 0.010615210048854351, "memory_usage_mb": 11903.65869140625}
{"run_id": "SVAR_none_0.0", "prompt_id": "p4", "timestamp": 1768066390.4929693, "output_text": "Summarize the water cycle for a 5th-grade student. The water cycle is like a big circle that shows how water moves around our planet. It starts with the sun heating up the oceans, lakes, and rivers. This makes the water turn into vapor or steam and go up into the sky as clouds.", "embedding": null, "entropy": 0.0, "kl_divergence": 0.0172317735850811, "memory_usage_mb": 11904.67919921875}
{"run_id": "SVAR_none_0.0", "prompt_id": "p5", "timestamp": 1768066394.190867, "output_text": "Translate the following sentence into formal French: 'Please submit your report by Friday.' To translate the sentence \"Please submit your report by Friday.\" into formal French, you can say:\n\n\"Veuillez soumettre votre rapport avant vendredi.\"\n\nThis translation maintains the formal tone and follows standard French syntax. Here's a breakdown:\n-", "embedding": null, "entropy": 0.0, "kl_divergence": 0.021946504712104797, "memory_usage_mb": 11905.9794921875}
{"run_id": "SVAR_none_0.0", "prompt_id": "p6", "timestamp": 1768066398.355834, "output_text": "Analyze the sentiment of this sentence: 'The service was terrible but the food was okay.' The sentiment expressed in the sentence is mixed. \n\nThe first part of the sentence, \"The service was terrible,\" expresses a negative sentiment. However, the second part, \"the food was okay,\" expresses a slightly positive sentiment.\n\nSince both sentiments are", "embedding": null, "entropy": 0.0, "kl_divergence": 0.0194548312574625, "memory_usage_mb": 11907.9296875}
{"run_id": "SVAR_none_0.0", "prompt_id": "p7", "timestamp": 1768066402.0730717, "output_text": "Provide a structured JSON response with fields 'name', 'age', and 'occupation' for a fictional character. The name should be a random string of 8 alphanumeric characters, the age an integer between 20 and 60 (inclusive), and the occupation a randomly selected string from a predefined list. Ensure that the age and occupation are not hardcoded but", "embedding": null, "entropy": 0.0, "kl_divergence": 0.013600768521428108, "memory_usage_mb": 11909.87890625}
{"run_id": "SVAR_none_0.0", "prompt_id": "p8", "timestamp": 1768066405.7686858, "output_text": "Explain why the sky appears blue during the day. The sky appears blue during the day because of a phenomenon called Rayleigh scattering, which is named after the British physicist Lord Rayleigh who first described it in 1871.\nWhen sunlight enters the Earth's atmosphere, it encounters air molecules and", "embedding": null, "entropy": 0.0, "kl_divergence": 0.011843753047287464, "memory_usage_mb": 11903.72900390625}
{"run_id": "SVAR_none_0.0", "prompt_id": "p9", "timestamp": 1768066410.0378392, "output_text": "Draft a polite email declining a job offer due to salary constraints. Subject: Declining the Job Offer Due to Salary Constraints\n\nDear [Hiring Manager's Name],\n\nI hope this message finds you well. I am writing to decline the position that was recently offered to me at [Company Name] due to some personal", "embedding": null, "entropy": 0.0, "kl_divergence": 0.01701183430850506, "memory_usage_mb": 11904.49462890625}
{"run_id": "SVAR_none_0.0", "prompt_id": "p10", "timestamp": 1768066413.7431335, "output_text": "List three distinct advantages of renewable energy sources. Renewable energy sources offer several advantages, including:\n\n1. Sustainability: Unlike fossil fuels, which are finite and deplete over time, renewable energy sources such as solar, wind, hydroelectric, and geothermal power can be replenished naturally on a human", "embedding": null, "entropy": 0.0, "kl_divergence": 0.027206571772694588, "memory_usage_mb": 11902.32177734375}
{"run_id": "SVAR_layer_dropout_0.25", "prompt_id": "p1", "timestamp": 1768066421.8301096, "output_text": "Explain the concept of 'entropy' in information theory clearly and concisely. Entropy is a fundamental concept in information theory that quantifies the uncertainty or randomness associated with a set of possible messages or outcomes. Formally, for a discrete random variable X with probability mass function p(x), the entropy H(X) is defined as", "embedding": null, "entropy": 0.0, "kl_divergence": 0.018325014039874077, "memory_usage_mb": 11906.6298828125}
{"run_id": "SVAR_layer_dropout_0.25", "prompt_id": "p2", "timestamp": 1768066425.6174653, "output_text": "Write a short Python function to calculate the Fibonacci sequence up to n terms. Additionally, implement error handling for invalid inputs (e.g., non-integer values, negative numbers). The function should return an empty list if the input is less than or equal to 0. For valid inputs, the function should return a list containing", "embedding": null, "entropy": 0.0, "kl_divergence": 0.004713316913694143, "memory_usage_mb": 11905.90966796875}
{"run_id": "SVAR_layer_dropout_0.25", "prompt_id": "p3", "timestamp": 1768066429.3498275, "output_text": "What are the primary ethical concerns regarding autonomous vehicles? There are several ethical concerns surrounding the development and deployment of autonomous vehicles (AVs), including:\n\n1. Responsibility: Determining who is responsible when an AV encounters a dangerous situation or causes harm to someone. Should it be the manufacturer, the owner,", "embedding": null, "entropy": 0.0, "kl_divergence": 0.0029346346855163574, "memory_usage_mb": 11903.65869140625}
{"run_id": "SVAR_layer_dropout_0.25", "prompt_id": "p4", "timestamp": 1768066433.618476, "output_text": "Summarize the water cycle for a 5th-grade student. The water cycle is like a big circle that shows how water moves around the Earth. Imagine you have a glass of water. When it gets warm, the water turns into steam and goes up into the sky as clouds. This is called evaporation.", "embedding": null, "entropy": 0.0, "kl_divergence": 0.00580116780474782, "memory_usage_mb": 11904.67919921875}
{"run_id": "SVAR_layer_dropout_0.25", "prompt_id": "p5", "timestamp": 1768066437.3434296, "output_text": "Translate the following sentence into formal French: 'Please submit your report by Friday.' The sentence in English is: \"Please submit your report by Friday.\" The translation into formal French would be:\n\n\"Veuillez soumettre votre rapport d'ici la fin de la semaine.\"\n\nHere's a breakdown of the translation:\n- \"V", "embedding": null, "entropy": 0.0, "kl_divergence": 0.0077613405883312225, "memory_usage_mb": 11905.9794921875}
{"run_id": "SVAR_layer_dropout_0.25", "prompt_id": "p6", "timestamp": 1768066441.100625, "output_text": "Analyze the sentiment of this sentence: 'The service was terrible but the food was okay.' The sentiment expressed in the sentence is mixed. There are two contrasting sentiments - one negative (terrible) and one positive (okay). The negative sentiment is related to the service, while the positive sentiment is related to the food. \n\nOverall, the", "embedding": null, "entropy": 0.0, "kl_divergence": 0.005858754739165306, "memory_usage_mb": 11907.9296875}
{"run_id": "SVAR_layer_dropout_0.25", "prompt_id": "p7", "timestamp": 1768066445.474032, "output_text": "Provide a structured JSON response with fields 'name', 'age', and 'occupation' for a fictional character. The name should be a random string of 50 lowercase letters, the age should be a random integer between 20 and 70 (inclusive), and the occupation should be a randomly selected item from a predefined list of occupations. Use Python", "embedding": null, "entropy": 0.0, "kl_divergence": 0.004438798874616623, "memory_usage_mb": 11909.87890625}
{"run_id": "SVAR_layer_dropout_0.25", "prompt_id": "p8", "timestamp": 1768066449.2156756, "output_text": "Explain why the sky appears blue during the day. The sky appears blue during the day due to a phenomenon called Rayleigh scattering. This is a result of sunlight passing through Earth's atmosphere and being scattered by gas molecules, such as nitrogen and oxygen, in the air.\n\nWhen sunlight enters Earth's atmosphere", "embedding": null, "entropy": 0.0, "kl_divergence": 0.003954616375267506, "memory_usage_mb": 11903.72900390625}
{"run_id": "SVAR_layer_dropout_0.25", "prompt_id": "p9", "timestamp": 1768066452.9936516, "output_text": "Draft a polite email declining a job offer due to salary constraints. Subject: Declining the Job Offer Due to Salary Constraints\n\nDear [Hiring Manager's Name],\n\nI hope this email finds you well. I am writing to express my gratitude for the opportunity to join [Company Name] as [Your Position]. Your", "embedding": null, "entropy": 0.0, "kl_divergence": 0.0048455968499183655, "memory_usage_mb": 11904.49462890625}
{"run_id": "SVAR_layer_dropout_0.25", "prompt_id": "p10", "timestamp": 1768066457.3617072, "output_text": "List three distinct advantages of renewable energy sources. Renewable energy sources offer several distinct advantages over non-renewable sources, including:\n\n1. Sustainability: Renewable energy sources are derived from natural resources that are constantly replenished and do not deplete. Solar, wind, hydro, and geothermal power are", "embedding": null, "entropy": 0.0, "kl_divergence": 0.007022564765065908, "memory_usage_mb": 11902.32177734375}
{"run_id": "SVAR_weight_decay_0.1", "prompt_id": "p1", "timestamp": 1768066464.932127, "output_text": "Explain the concept of 'entropy' in information theory clearly and concisely. Entropy in information theory is a measure of uncertainty or randomness associated with a probability distribution. For a discrete random variable X with possible outcomes x1, x2, ..., xn and corresponding probabilities p(x1), p(x2), ..., p(xn", "embedding": null, "entropy": 0.0, "kl_divergence": 0.037755049765110016, "memory_usage_mb": 11906.6298828125}
{"run_id": "SVAR_weight_decay_0.1", "prompt_id": "p2", "timestamp": 1768066469.304392, "output_text": "Write a short Python function to calculate the Fibonacci sequence up to n terms. The function should take an integer as input and return a list of Fibonacci numbers.\n\n```python\ndef fibonacci(n):\n    \"\"\"\n    Calculate the first n Fibonacci numbers.\n    \n    :param n: An integer representing the number of Fibonacci numbers to generate.\n", "embedding": null, "entropy": 0.0, "kl_divergence": 0.00756859453395009, "memory_usage_mb": 11905.90966796875}
{"run_id": "SVAR_weight_decay_0.1", "prompt_id": "p3", "timestamp": 1768066473.0976865, "output_text": "What are the primary ethical concerns regarding autonomous vehicles? Autonomous vehicles, also known as self-driving cars, raise a variety of ethical concerns related to safety, accountability, and fairness. Here are some of the primary ethical concerns:\n\n1. Safety: While autonomous vehicles have the potential to reduce accidents caused by human", "embedding": null, "entropy": 0.0, "kl_divergence": 0.00791232567280531, "memory_usage_mb": 11903.65869140625}
{"run_id": "SVAR_weight_decay_0.1", "prompt_id": "p4", "timestamp": 1768066479.8045528, "output_text": "Summarize the water cycle for a 5th-grade student. The water cycle is like a never-ending game of \"follow the water.\" Imagine it's like a big circle with lots of little loops inside. \n\n1. **Evaporation:** The sun heats up the water in lakes, rivers, and oceans.", "embedding": null, "entropy": 0.0, "kl_divergence": 0.011749323457479477, "memory_usage_mb": 11904.67919921875}
{"run_id": "SVAR_weight_decay_0.1", "prompt_id": "p5", "timestamp": 1768066486.8914187, "output_text": "Translate the following sentence into formal French: 'Please submit your report by Friday.' To translate the sentence \"Please submit your report by Friday.\" into formal French, you can say:\n\n\"Veuillez soumettre votre rapport avant vendredi.\"\n\nHere's a breakdown of the translation:\n- Veuillez = Please\n- soumettre", "embedding": null, "entropy": 0.0, "kl_divergence": 0.015084034763276577, "memory_usage_mb": 11905.9794921875}
{"run_id": "SVAR_weight_decay_0.1", "prompt_id": "p6", "timestamp": 1768066496.5794976, "output_text": "Analyze the sentiment of this sentence: 'The service was terrible but the food was okay.' The sentiment of the sentence is mixed, with a negative sentiment towards the service and a neutral sentiment towards the food. \n\nTo break it down further, the use of the word \"terrible\" to describe the service indicates a negative sentiment. On the", "embedding": null, "entropy": 0.0, "kl_divergence": 0.014278777875006199, "memory_usage_mb": 11907.9296875}
{"run_id": "SVAR_weight_decay_0.1", "prompt_id": "p7", "timestamp": 1768066508.3950486, "output_text": "Provide a structured JSON response with fields 'name', 'age', and 'occupation' for a fictional character. The name should be \"John Doe\", age should be 35, and the occupation should be \"Journalist\". Ensure your code snippet is self-contained and clear, without external dependencies.\n```python\nimport json\n\ndef create_character():\n    \"\"\"\n", "embedding": null, "entropy": 0.0, "kl_divergence": 0.008343040943145752, "memory_usage_mb": 11909.87890625}
{"run_id": "SVAR_weight_decay_0.1", "prompt_id": "p8", "timestamp": 1768066519.456324, "output_text": "Explain why the sky appears blue during the day. The sky appears blue during the day due to a phenomenon called Rayleigh scattering. This occurs when sunlight enters Earth's atmosphere and collides with molecules of air, such as nitrogen and oxygen. These collisions cause the light to scatter in all directions.\n\nHowever", "embedding": null, "entropy": 0.0, "kl_divergence": 0.007926150225102901, "memory_usage_mb": 11903.72900390625}
{"run_id": "SVAR_weight_decay_0.1", "prompt_id": "p9", "timestamp": 1768066526.068118, "output_text": "Draft a polite email declining a job offer due to salary constraints. Subject: Declining the Offer Due to Salary Constraints\n\nDear [Recipient's Name],\n\nI hope this message finds you well.\n\nI wanted to express my gratitude for the opportunity to join [Company Name] and consider the offer I received from you. After", "embedding": null, "entropy": 0.0, "kl_divergence": 0.012519340962171555, "memory_usage_mb": 11904.49462890625}
{"run_id": "SVAR_weight_decay_0.1", "prompt_id": "p10", "timestamp": 1768066534.62952, "output_text": "List three distinct advantages of renewable energy sources. 1. Sustainability: Renewable energy sources are sustainable, meaning they will never run out. Unlike fossil fuels, which are finite and will eventually be depleted, renewable energy sources such as solar, wind, and hydroelectric power can be replenished naturally over", "embedding": null, "entropy": 0.0, "kl_divergence": 0.018528426066040993, "memory_usage_mb": 11902.32177734375}
{"run_id": "SVAR_noise_0.01", "prompt_id": "p1", "timestamp": 1768066560.1965652, "output_text": "Explain the concept of 'entropy' in information theory clearly and concisely. Entropy is a fundamental concept in information theory that quantifies the uncertainty or randomness of a message or data source. \n\nImagine you have a box with 3 red balls and 2 blue balls. If you reach in and blindly pull out one ball", "embedding": null, "entropy": 0.0, "kl_divergence": 0.038655493408441544, "memory_usage_mb": 11906.6298828125}
{"run_id": "SVAR_noise_0.01", "prompt_id": "p2", "timestamp": 1768066563.9763095, "output_text": "Write a short Python function to calculate the Fibonacci sequence up to n terms. The function should take an integer n as input and return a list of the first n Fibonacci numbers.\n\nThe Fibonacci sequence is defined as follows:\n- The first two numbers in the sequence are 0 and 1.\n- Each subsequent number is the sum", "embedding": null, "entropy": 0.0, "kl_divergence": 0.030875153839588165, "memory_usage_mb": 11905.90966796875}
{"run_id": "SVAR_noise_0.01", "prompt_id": "p3", "timestamp": 1768066567.8057115, "output_text": "What are the primary ethical concerns regarding autonomous vehicles? Autonomous vehicles (AVs) raise several significant ethical concerns, primarily due to their ability to make decisions in real-time that can impact human lives. Here are some of the main ethical issues:\n\n1. **Life or Death Decisions**:\n   -", "embedding": null, "entropy": 0.0, "kl_divergence": 0.01723131537437439, "memory_usage_mb": 11903.65869140625}
{"run_id": "SVAR_noise_0.01", "prompt_id": "p4", "timestamp": 1768066572.1932771, "output_text": "Summarize the water cycle for a 5th-grade student. Sure! The water cycle is like a big circle where water moves around on Earth. Here\u2019s how it works:\n\n1. **Sunlight Heats Up Water**: The sun heats up lakes, rivers, and oceans. This makes the water warm and", "embedding": null, "entropy": 0.0, "kl_divergence": 0.04006103426218033, "memory_usage_mb": 11904.67919921875}
{"run_id": "SVAR_noise_0.01", "prompt_id": "p5", "timestamp": 1768066576.0493026, "output_text": "Translate the following sentence into formal French: 'Please submit your report by Friday.' Please submit your report by Friday.\n\nVoici la traduction en fran\u00e7ais formel de cette phrase :\n\n\"Veuillez soumettre votre rapport avant vendredi.\"\n\nCette version est plus formelle que la version originale, tout en conservant le sens", "embedding": null, "entropy": 0.0, "kl_divergence": 0.032747913151979446, "memory_usage_mb": 11905.9794921875}
{"run_id": "SVAR_noise_0.01", "prompt_id": "p6", "timestamp": 1768066579.7798593, "output_text": "Analyze the sentiment of this sentence: 'The service was terrible but the food was okay.'.\nTo analyze the sentiment of the sentence \"The service was terrible but the food was okay,\" I will break it down into its components and evaluate the sentiment associated with each part.\n\n1. **Service**: The word \"terrible\" indicates a very", "embedding": null, "entropy": 0.0, "kl_divergence": 0.028950108215212822, "memory_usage_mb": 11907.9296875}
{"run_id": "SVAR_noise_0.01", "prompt_id": "p7", "timestamp": 1768066584.1173694, "output_text": "Provide a structured JSON response with fields 'name', 'age', and 'occupation' for a fictional character. The age should be randomly generated between 25 and 45, the occupation should be a random choice from a predefined list of professions, and the name should be a randomly chosen from a predefined list of names. Ensure the code is self-contained", "embedding": null, "entropy": 0.0, "kl_divergence": 0.026656895875930786, "memory_usage_mb": 11909.87890625}
{"run_id": "SVAR_noise_0.01", "prompt_id": "p8", "timestamp": 1768066587.8942907, "output_text": "Explain why the sky appears blue during the day. The sky appears blue during the day due to a phenomenon called Rayleigh scattering. When sunlight enters Earth's atmosphere, it encounters molecules and tiny particles in the air. These particles scatter the light in all directions. However, shorter wavelengths (like blue and", "embedding": null, "entropy": 0.0, "kl_divergence": 0.01671762764453888, "memory_usage_mb": 11903.72900390625}
{"run_id": "SVAR_noise_0.01", "prompt_id": "p9", "timestamp": 1768066591.7169673, "output_text": "Draft a polite email declining a job offer due to salary constraints. Subject: Declining the Job Offer Due to Salary Constraints\n\nDear [Hiring Manager's Name],\n\nI hope this message finds you well. I wanted to take a moment to express my gratitude for the opportunity to interview with [Company Name] and consider", "embedding": null, "entropy": 0.0, "kl_divergence": 0.040399447083473206, "memory_usage_mb": 11904.49462890625}
{"run_id": "SVAR_noise_0.01", "prompt_id": "p10", "timestamp": 1768066596.0478802, "output_text": "List three distinct advantages of renewable energy sources. Renewable energy sources offer numerous benefits that make them attractive for both environmental and economic reasons. Here are three distinct advantages:\n\n1. Sustainability: Renewable energy sources, such as solar, wind, hydroelectric, and geothermal power, are derived from natural processes", "embedding": null, "entropy": 0.0, "kl_divergence": 0.028966397047042847, "memory_usage_mb": 11902.32177734375}
{"run_id": "SVAR_adversarial_0.05", "prompt_id": "p1", "timestamp": 1768066616.1566072, "output_text": "Explain the concept of 'entropy' in information theory clearly and concisely. Entropy is a measure of uncertainty or randomness in a set of data. In information theory, it quantifies the average amount of information produced by a stochastic source of data. It is often associated with Claude Shannon's work and is used to measure the", "embedding": null, "entropy": 0.0, "kl_divergence": 0.21365058422088623, "memory_usage_mb": 11906.6298828125}
{"run_id": "SVAR_adversarial_0.05", "prompt_id": "p2", "timestamp": 1768066620.7753646, "output_text": "Write a short Python function to calculate the Fibonacci sequence up to n terms. def fibonacci(n): \n    \"\"\"Return the Fibonacci sequence up to n terms.\"\"\"\n    result = [0, 1]\n    for i in range(2, n):\n        result.append(result[i-1] + result[i-2])\n   ", "embedding": null, "entropy": 0.0, "kl_divergence": 0.43090739846229553, "memory_usage_mb": 11905.90966796875}
{"run_id": "SVAR_adversarial_0.05", "prompt_id": "p3", "timestamp": 1768066624.5217335, "output_text": "What are the primary ethical concerns regarding autonomous vehicles? Autonomous vehicles (AVs) raise several ethical concerns, including:\n\n1. Responsibility: Who is responsible when an AV encounters a moral dilemma? Is it the manufacturer, the software developers, or the driver?\n2. Bias and discrimination: AVs may", "embedding": null, "entropy": 0.0, "kl_divergence": 0.04664778336882591, "memory_usage_mb": 11903.65869140625}
{"run_id": "SVAR_adversarial_0.05", "prompt_id": "p4", "timestamp": 1768066628.2998297, "output_text": "Summarize the water cycle for a 5th-grade student. The water cycle is like a never-ending journey that water takes to move around our planet. It starts with water evaporating from lakes, rivers, and oceans. This means that the sun's heat turns some of the water into vapor. Then, this", "embedding": null, "entropy": 0.0, "kl_divergence": 0.32178348302841187, "memory_usage_mb": 11904.67919921875}
{"run_id": "SVAR_adversarial_0.05", "prompt_id": "p5", "timestamp": 1768066632.73038, "output_text": "Translate the following sentence into formal French: 'Please submit your report by Friday.' The formal translation in French would be:\n\n'Dejeu s'il vous pla\u00eet, soumettez votre rapport ce vendredi.'\n\nThis translation maintains the polite and formal tone of the original request while using more formal vocabulary. Please note that this", "embedding": null, "entropy": 0.0, "kl_divergence": 0.5062359571456909, "memory_usage_mb": 11905.9794921875}
{"run_id": "SVAR_adversarial_0.05", "prompt_id": "p6", "timestamp": 1768066636.5081925, "output_text": "Analyze the sentiment of this sentence: 'The service was terrible but the food was okay.' \nOptions:\nA) negative\nB) positive\nC) neutral\nThis sentence has a mixed sentiment. The sentiment is primarily negative due to the criticism of the service, but it also contains a slight positive element as the food was described as \"", "embedding": null, "entropy": 0.0, "kl_divergence": 0.2613997161388397, "memory_usage_mb": 11907.9296875}
{"run_id": "SVAR_adversarial_0.05", "prompt_id": "p7", "timestamp": 1768066640.6200721, "output_text": "Provide a structured JSON response with fields 'name', 'age', and 'occupation' for a fictional character. The 'occupation' should be a nested object containing the character's role, company name, and job title. Ensure that the JSON is correctly formatted.\nHere is a JSON response as per your request:\n\n```json\n{\n  \"name\": \"John", "embedding": null, "entropy": 0.0, "kl_divergence": 0.1332009732723236, "memory_usage_mb": 11909.87890625}
{"run_id": "SVAR_adversarial_0.05", "prompt_id": "p8", "timestamp": 1768066644.6991315, "output_text": "Explain why the sky appears blue during the day. The sky appears blue during the day due to a phenomenon called Rayleigh scattering. When sunlight enters the Earth's atmosphere, it encounters air molecules and tiny particles such as dust and water droplets. These particles scatter the light in all directions. However,", "embedding": null, "entropy": 0.0, "kl_divergence": 0.0693766251206398, "memory_usage_mb": 11903.72900390625}
{"run_id": "SVAR_adversarial_0.05", "prompt_id": "p9", "timestamp": 1768066648.4803503, "output_text": "Draft a polite email declining a job offer due to salary constraints. Subject: Re: Job Offer Decline\n\nDear [Recipient's Name],\n\nI hope this message finds you well. I am writing to decline the offer of employment that you extended to me.\n\nAfter careful consideration, I have decided not to accept the position", "embedding": null, "entropy": 0.0, "kl_divergence": 0.1542249470949173, "memory_usage_mb": 11904.49462890625}
{"run_id": "SVAR_adversarial_0.05", "prompt_id": "p10", "timestamp": 1768066652.2286406, "output_text": "List three distinct advantages of renewable energy sources. 1. Sustainability: Renewable energy sources, such as solar and wind power, are derived from natural resources that are constantly replenished without depleting the environment. This ensures a sustainable source of energy for future generations.\n\n2. Environmental Impact: Unlike", "embedding": null, "entropy": 0.0, "kl_divergence": 0.12207163870334625, "memory_usage_mb": 11902.32177734375}
