{"run_id": "SEC1_MUTATION_SCAR", "prompt_id": "p1", "timestamp": 1768073911.9598932, "output_text": "Explain the concept of 'entropy' in information theory clearly and concisely.,, dit pourac B la,, de, dec,ee, to count,. ;,.. . \u2014.- dejo Del1 -.-et counts and\u2019sans,dect deacredd see ..,, Ad", "embedding": null, "entropy": 0.0, "kl_divergence": 10.42162036895752, "memory_usage_mb": 11781.0498046875}
{"run_id": "SEC1_MUTATION_SCAR", "prompt_id": "p2", "timestamp": 1768073915.4099069, "output_text": "Write a short Python function to calculate the Fibonacci sequence up to n terms.,, \u2014-----series-g -\u9645 -- -- .  into, in,, . ,,,,,, ,,, ,,, in,  on- . ,,. ,  ", "embedding": null, "entropy": 0.0, "kl_divergence": 10.198722839355469, "memory_usage_mb": 11781.0498046875}
{"run_id": "SEC1_MUTATION_SCAR", "prompt_id": "p3", "timestamp": 1768073918.327154, "output_text": "What are the primary ethical concerns regarding autonomous vehicles? ,\n\n\n3\n   \u2022\u2500\u2500 \u2014 -- -- \u2014 -- -- ---- -- \u25cf \ufffd\u2500\u2500 --, IMS\u5355 what, can what-- and and sets, how, ______ it,, ____ ,, -- -- \u2013 \u2014,", "embedding": null, "entropy": 0.0, "kl_divergence": 10.681036949157715, "memory_usage_mb": 11781.04931640625}
{"run_id": "SEC1_MUTATION_SCAR", "prompt_id": "p4", "timestamp": 1768073921.787097, "output_text": "Summarize the water cycle for a 5th-grade student. ] $,3    = TA   - -- \u2014 Jose   IE  -- \u2013 -- -- -- -- -- --- -- -- -- -- -- -- -- -- -- -- --\n__ -- -- -- -- -- -- --- it-- how", "embedding": null, "entropy": 0.0, "kl_divergence": 10.808530807495117, "memory_usage_mb": 11781.04931640625}
{"run_id": "SEC1_MUTATION_SCAR", "prompt_id": "p5", "timestamp": 1768073924.724422, "output_text": "Translate the following sentence into formal French: 'Please submit your report by Friday.'opts $(  :: --,, d -- he \u2014\u2015 it,---,,,,, .,,,,, Hall say say Kom let,,,,, \u2014 r\u00e9, in-I\u00e2, -- --, East --,", "embedding": null, "entropy": 0.0, "kl_divergence": 11.340036392211914, "memory_usage_mb": 11781.0498046875}
{"run_id": "SEC1_MUTATION_SCAR", "prompt_id": "p6", "timestamp": 1768073927.644709, "output_text": "Analyze the sentiment of this sentence: 'The service was terrible but the food was okay.' die --3,,, \u2014\u2014to smokeiro\ufffd ?..,,..\u2013\t.,  ______edemet.\u2013,.., into3 v\u9022 ,\uff0d what,aro,$ $,..,... into1,,,", "embedding": null, "entropy": 0.0, "kl_divergence": 10.2029447555542, "memory_usage_mb": 11781.0498046875}
{"run_id": "SEC1_MUTATION_SCAR", "prompt_id": "p7", "timestamp": 1768073930.597545, "output_text": "Provide a structured JSON response with fields 'name', 'age', and 'occupation' for a fictional character. &,,,, to\u2019s \u00b7  ; - --;., where \u2013 \u2022 l \u2022; con,-et..,_  ! ,,, \u2014\u2014\u0430\u0437 ####, superb viasd\u4e2a\u4ea4\u6613oin be, conspiracyasenameb | ;", "embedding": null, "entropy": 0.0, "kl_divergence": 9.383369445800781, "memory_usage_mb": 11781.0498046875}
{"run_id": "SEC1_MUTATION_SCAR", "prompt_id": "p8", "timestamp": 1768073934.0532508, "output_text": "Explain why the sky appears blue during the day.   \u20ac 3\u9aa5 pick Cla,\u2019\n the \u2192 Arguments do *je1 de  Covac how into3 , into-,ator\u2014  ::P del del  does-conde Trinitye *** __________________ ``` fle  of  Domain\u2013", "embedding": null, "entropy": 0.0, "kl_divergence": 9.968429565429688, "memory_usage_mb": 11781.04931640625}
{"run_id": "SEC1_MUTATION_SCAR", "prompt_id": "p9", "timestamp": 1768073936.9872937, "output_text": "Draft a polite email declining a job offer due to salary constraints., how,,,,,, --,,,,,,zo, ,,,, in del +- ever.- aboutte Kazefith, e,  as,,,,,,,,,,,,", "embedding": null, "entropy": 0.0, "kl_divergence": 8.354227066040039, "memory_usage_mb": 11781.04931640625}
{"run_id": "SEC1_MUTATION_SCAR", "prompt_id": "p10", "timestamp": 1768073939.8986692, "output_text": "List three distinct advantages of renewable energy sources., ,  ;, ; ; ; ; ; ; ; ( Republic \u2014 \u2014 \u2014 to \u2014\u2019s ante 1 \u2013 more  -- -\t-man \u2013 \u2014 \u2014 \u2013 ( b g --, __ __ __ \u2605 Sanford (,, in,", "embedding": null, "entropy": 0.0, "kl_divergence": 10.966602325439453, "memory_usage_mb": 11781.04931640625}
{"run_id": "SEC1_RF_PROOF", "prompt_id": "global", "timestamp": 1768073939.8990626, "output_text": "RF: 0.0%", "embedding": null, "entropy": 0.0, "kl_divergence": 10.23255205154419, "memory_usage_mb": 11781.04931640625}
{"run_id": "SEC2_GRADIENT_SCAR", "prompt_id": "p1", "timestamp": 1768073951.4002683, "output_text": "Explain the concept of 'entropy' in information theory clearly and concisely. Concept: Entropy\nCategory: Information Theory\nSummary: A measure of uncertainty or randomness in a set of possible outcomes.\nDetails: It quantifies the average amount of information needed to describe the outcome of a random variable. Higher entropy indicates greater unpredict", "embedding": null, "entropy": 0.0, "kl_divergence": 0.5102048516273499, "memory_usage_mb": 12389.4541015625}
{"run_id": "SEC2_GRADIENT_SCAR", "prompt_id": "p2", "timestamp": 1768073954.4894822, "output_text": "Write a short Python function to calculate the Fibonacci sequence up to n terms. Certainly! Below is an example of a Python function that calculates and returns the Fibonacci sequence up to `n` terms:\n\n```python\ndef fibonacci(n):\n    \"\"\"\n    Calculate and return the Fibonacci sequence up to n terms.\n\n    Parameters:\n    n", "embedding": null, "entropy": 0.0, "kl_divergence": 0.049645133316516876, "memory_usage_mb": 12389.4541015625}
{"run_id": "SEC2_GRADIENT_SCAR", "prompt_id": "p3", "timestamp": 1768073957.7877998, "output_text": "What are the primary ethical concerns regarding autonomous vehicles? 1. Liability and Accountability: One of the primary ethical concerns is who should be held responsible when an autonomous vehicle causes an accident. Who should be held accountable if a human error occurs, or if the software fails to make the right decision in a", "embedding": null, "entropy": 0.0, "kl_divergence": 0.2370607852935791, "memory_usage_mb": 12389.45361328125}
{"run_id": "SEC2_GRADIENT_SCAR", "prompt_id": "p4", "timestamp": 1768073960.8292289, "output_text": "Summarize the water cycle for a 5th-grade student. Summary: The water cycle is like a never-ending story that keeps water moving on Earth.\nIt starts with the sun heating up water in oceans, lakes, and rivers, which turns it into vapor. This water vapor goes high up into the sky as", "embedding": null, "entropy": 0.0, "kl_divergence": 0.2878666818141937, "memory_usage_mb": 12389.45361328125}
{"run_id": "SEC2_GRADIENT_SCAR", "prompt_id": "p5", "timestamp": 1768073963.8155499, "output_text": "Translate the following sentence into formal French: 'Please submit your report by Friday.' Formal French: Veuillez soumettre votre rapport d'ici vendredi. \n\nNote: In this translation, \"soumettre\" is conjugated in the first person plural form (\"soumettrez\") as it's an imperative", "embedding": null, "entropy": 0.0, "kl_divergence": 0.07576924562454224, "memory_usage_mb": 12389.4541015625}
{"run_id": "SEC2_GRADIENT_SCAR", "prompt_id": "p6", "timestamp": 1768073966.8405502, "output_text": "Analyze the sentiment of this sentence: 'The service was terrible but the food was okay.' Options are: positive, negative. Sentiment: Negative. \n\nJustification: The sentence contains two contrasting elements - 'terrible' (negative) and 'okay' (slightly positive). However, the use of 'but' indicates that the", "embedding": null, "entropy": 0.0, "kl_divergence": 0.08461413532495499, "memory_usage_mb": 12389.4541015625}
{"run_id": "SEC2_GRADIENT_SCAR", "prompt_id": "p7", "timestamp": 1768073970.2668824, "output_text": "Provide a structured JSON response with fields 'name', 'age', and 'occupation' for a fictional character. Additionally, include a 'hobbies' array that lists at least three of their interests.\n{\n  \"name\": \"John Doe\",\n  \"age\": 30,\n  \"occupation\": \"Software Engineer\",\n  \"hobbies\": [\n   ", "embedding": null, "entropy": 0.0, "kl_divergence": 0.029287636280059814, "memory_usage_mb": 12389.4541015625}
{"run_id": "SEC2_GRADIENT_SCAR", "prompt_id": "p8", "timestamp": 1768073973.273799, "output_text": "Explain why the sky appears blue during the day. The sky appears blue during the day because of a phenomenon called Rayleigh scattering. This is caused by the interaction between sunlight and Earth's atmosphere.\nWhen sunlight enters the Earth's atmosphere, it collides with gas molecules and other particles in the air.", "embedding": null, "entropy": 0.0, "kl_divergence": 0.323981374502182, "memory_usage_mb": 12389.45361328125}
{"run_id": "SEC2_GRADIENT_SCAR", "prompt_id": "p9", "timestamp": 1768073976.3219478, "output_text": "Draft a polite email declining a job offer due to salary constraints. Subject: Declining the Job Offer Due to Salary Constraints\n\nDear [Hiring Manager's Name],\n\nI hope this message finds you well.\n\nI am writing to inform you that I have decided not to accept the job offer for the position of [Position", "embedding": null, "entropy": 0.0, "kl_divergence": 0.08990351110696793, "memory_usage_mb": 12389.45361328125}
{"run_id": "SEC2_GRADIENT_SCAR", "prompt_id": "p10", "timestamp": 1768073979.2964275, "output_text": "List three distinct advantages of renewable energy sources. Advantages of Renewable Energy Sources:\n1. Sustainability: Renewable energy sources like solar, wind and hydroelectric power are sustainable as they are inexhaustible.\n2. Environmentally Friendly: Renewable energy sources produce little to no greenhouse gases or other pollutants which", "embedding": null, "entropy": 0.0, "kl_divergence": 0.3227755129337311, "memory_usage_mb": 12389.45361328125}
{"run_id": "SEC2_RF_PROOF", "prompt_id": "global", "timestamp": 1768073979.2968807, "output_text": "RF: 0.0%", "embedding": null, "entropy": 0.0, "kl_divergence": 0.20111088678240777, "memory_usage_mb": 12389.45361328125}
{"run_id": "SEC3_RLAE_ACTIVE", "prompt_id": "p1", "timestamp": 1768073990.395171, "output_text": "Explain the concept of 'entropy' in information theory clearly and concisely. Entropy in information theory is a measure of uncertainty or randomness in a set of possible outcomes. It quantifies the average amount of information needed to describe the outcome of an event from that set. \n\nFormally, if there are N possible outcomes with", "embedding": null, "entropy": 0.0, "kl_divergence": 0.05999075621366501, "memory_usage_mb": 11796.4345703125}
{"run_id": "SEC3_RLAE_ACTIVE", "prompt_id": "p2", "timestamp": 1768073994.681224, "output_text": "Write a short Python function to calculate the Fibonacci sequence up to n terms. The function should be named `fibonacci` and it should take one argument, `n`, which is an integer representing the number of terms in the Fibonacci sequence to generate. The function should return a list containing the first `n` terms of the", "embedding": null, "entropy": 0.0, "kl_divergence": 0.01067506056278944, "memory_usage_mb": 11796.4345703125}
{"run_id": "SEC3_RLAE_ACTIVE", "prompt_id": "p3", "timestamp": 1768073998.3759167, "output_text": "What are the primary ethical concerns regarding autonomous vehicles? Autonomous vehicles, also known as self-driving cars or driverless cars, raise several ethical concerns that have been debated by ethicists and policymakers. Here are some of the primary ethical concerns:\n\n1. **Decision-Making in Emergencies**: When faced", "embedding": null, "entropy": 0.0, "kl_divergence": 0.010615210048854351, "memory_usage_mb": 11796.43408203125}
{"run_id": "SEC3_RLAE_ACTIVE", "prompt_id": "p4", "timestamp": 1768074002.1282573, "output_text": "Summarize the water cycle for a 5th-grade student. The water cycle is like a never-ending game of tag! Water goes on a big adventure and changes forms as it moves around.\n1. First, water in rivers, lakes, and oceans gets heated by the sun. It turns into steam or water", "embedding": null, "entropy": 0.0, "kl_divergence": 0.0172317735850811, "memory_usage_mb": 11796.43408203125}
{"run_id": "SEC3_RLAE_ACTIVE", "prompt_id": "p5", "timestamp": 1768074006.1277456, "output_text": "Translate the following sentence into formal French: 'Please submit your report by Friday.' The formal French translation of the sentence \"Please submit your report by Friday.\" is:\n\n\"Veuillez soumettre votre rapport avant vendredi.\"\n\nThis translation uses the formal imperative form, which is appropriate in a business or professional context. Here's a", "embedding": null, "entropy": 0.0, "kl_divergence": 0.021946504712104797, "memory_usage_mb": 11796.4345703125}
{"run_id": "SEC3_RLAE_ACTIVE", "prompt_id": "p6", "timestamp": 1768074009.9087255, "output_text": "Analyze the sentiment of this sentence: 'The service was terrible but the food was okay.' \nUsing a sentiment analysis tool, I found that the sentiment of the sentence is negative. The reason for this is that the first part of the sentence expresses dissatisfaction with the service, which is a crucial aspect of the overall experience. On the other hand", "embedding": null, "entropy": 0.0, "kl_divergence": 0.0194548312574625, "memory_usage_mb": 11796.4345703125}
{"run_id": "SEC3_RLAE_ACTIVE", "prompt_id": "p7", "timestamp": 1768074013.6362402, "output_text": "Provide a structured JSON response with fields 'name', 'age', and 'occupation' for a fictional character. Additionally, include a field 'hobbies' that is an array of strings, representing the character's hobbies. The hobbies should be randomly selected from the following list: ['reading', 'painting', 'cooking', 'gaming', 'h", "embedding": null, "entropy": 0.0, "kl_divergence": 0.013600768521428108, "memory_usage_mb": 11796.4345703125}
{"run_id": "SEC3_RLAE_ACTIVE", "prompt_id": "p8", "timestamp": 1768074017.5510576, "output_text": "Explain why the sky appears blue during the day. The sky appears blue during the day because of a phenomenon called Rayleigh scattering. This occurs when sunlight enters Earth's atmosphere and collides with molecules and tiny particles in the air. \n\nBlue light has a shorter wavelength, which means it is scattered more", "embedding": null, "entropy": 0.0, "kl_divergence": 0.011843753047287464, "memory_usage_mb": 11796.43408203125}
{"run_id": "SEC3_RLAE_ACTIVE", "prompt_id": "p9", "timestamp": 1768074021.5692952, "output_text": "Draft a polite email declining a job offer due to salary constraints. Subject: Declining the Offer Due to Salary Constraints\n\nDear [Hiring Manager's Name],\n\nI hope this message finds you well.\n\nI am writing to express my sincere gratitude for the opportunity to join [Company Name] as [Your Position]. The", "embedding": null, "entropy": 0.0, "kl_divergence": 0.01701183430850506, "memory_usage_mb": 11796.43408203125}
{"run_id": "SEC3_RLAE_ACTIVE", "prompt_id": "p10", "timestamp": 1768074025.2838042, "output_text": "List three distinct advantages of renewable energy sources. Renewable energy sources offer several distinct advantages over traditional fossil fuels. Here are three key benefits:\n\n1. Sustainability: Unlike finite fossil fuels, many forms of renewable energy like solar, wind, and hydroelectric power are replenished naturally at a rate that is", "embedding": null, "entropy": 0.0, "kl_divergence": 0.027206571772694588, "memory_usage_mb": 11796.43408203125}
{"run_id": "SEC3_RLAE_RESET", "prompt_id": "p1", "timestamp": 1768074028.3280954, "output_text": "Explain the concept of 'entropy' in information theory clearly and concisely. Entropy in information theory quantifies the uncertainty or randomness of a message or data source. It measures the average amount of information produced by a probabilistic event.\n\nFormally, for a discrete random variable X with possible outcomes x1, x2,", "embedding": null, "entropy": 0.0, "kl_divergence": 0.0, "memory_usage_mb": 11789.4033203125}
{"run_id": "SEC3_RLAE_RESET", "prompt_id": "p2", "timestamp": 1768074031.9067018, "output_text": "Write a short Python function to calculate the Fibonacci sequence up to n terms. Sure! Here's a Python function that calculates the Fibonacci sequence up to `n` terms:\n\n```python\ndef fibonacci(n):\n    \"\"\"\n    Calculate the Fibonacci sequence up to n terms.\n\n    Parameters:\n    n (int): The number of terms", "embedding": null, "entropy": 0.0, "kl_divergence": 0.0, "memory_usage_mb": 11789.4033203125}
{"run_id": "SEC3_RLAE_RESET", "prompt_id": "p3", "timestamp": 1768074034.9211833, "output_text": "What are the primary ethical concerns regarding autonomous vehicles? Autonomous vehicles, also known as self-driving cars or driverless cars, raise several significant ethical concerns. Here are some of the primary ones:\n\n1. **Decision-making in emergencies**: When faced with a life-threatening situation, such as a collision between two", "embedding": null, "entropy": 0.0, "kl_divergence": 0.0, "memory_usage_mb": 11789.40283203125}
{"run_id": "SEC3_RLAE_RESET", "prompt_id": "p4", "timestamp": 1768074037.940273, "output_text": "Summarize the water cycle for a 5th-grade student. The water cycle is like a big circle that shows how water moves around on Earth. It starts when the sun heats up water in lakes, rivers, and oceans, making it turn into vapor or steam. This water vapor goes up into the sky and", "embedding": null, "entropy": 0.0, "kl_divergence": 0.0, "memory_usage_mb": 11789.40283203125}
{"run_id": "SEC3_RLAE_RESET", "prompt_id": "p5", "timestamp": 1768074040.95853, "output_text": "Translate the following sentence into formal French: 'Please submit your report by Friday.' The formal French translation of \"Please submit your report by Friday.\" is:\n\n\"Veuillez soumettre votre rapport d'ici vendredi.\"\n\nThis translation uses the formal imperative (\"Veuillez\") and follows the standard structure for polite requests in formal French", "embedding": null, "entropy": 0.0, "kl_divergence": 0.0, "memory_usage_mb": 11789.4033203125}
{"run_id": "SEC3_RLAE_RESET", "prompt_id": "p6", "timestamp": 1768074044.473223, "output_text": "Analyze the sentiment of this sentence: 'The service was terrible but the food was okay.' The sentiment of the sentence is mixed. It contains two contrasting sentiments - the service being terrible and the food being okay. This indicates that while there were some positive aspects (the food), there were also significant negative aspects (the service) in the experience", "embedding": null, "entropy": 0.0, "kl_divergence": 0.0, "memory_usage_mb": 11789.4033203125}
{"run_id": "SEC3_RLAE_RESET", "prompt_id": "p7", "timestamp": 1768074047.5118685, "output_text": "Provide a structured JSON response with fields 'name', 'age', and 'occupation' for a fictional character. The 'name' should be a string, 'age' should be an integer between 21 and 65, and 'occupation' should be a string representing one of the following: 'doctor', 'engineer', 'teacher', or", "embedding": null, "entropy": 0.0, "kl_divergence": 0.0, "memory_usage_mb": 11789.4033203125}
{"run_id": "SEC3_RLAE_RESET", "prompt_id": "p8", "timestamp": 1768074050.5497417, "output_text": "Explain why the sky appears blue during the day. The sky appears blue during the day because of a phenomenon called Rayleigh scattering. When sunlight enters the Earth's atmosphere, it collides with molecules and small particles in the air. These collisions cause the light to scatter in all directions.\n\nBlue light has", "embedding": null, "entropy": 0.0, "kl_divergence": 0.0, "memory_usage_mb": 11789.40283203125}
{"run_id": "SEC3_RLAE_RESET", "prompt_id": "p9", "timestamp": 1768074053.771252, "output_text": "Draft a polite email declining a job offer due to salary constraints. Subject: Declining the Offer Due to Salary Constraints\n\nDear [Hiring Manager's Name],\n\nI hope this email finds you well.\n\nI am writing to formally decline the offer for the position of [Job Title] at [Company Name], which was", "embedding": null, "entropy": 0.0, "kl_divergence": 0.0, "memory_usage_mb": 11789.40283203125}
{"run_id": "SEC3_RLAE_RESET", "prompt_id": "p10", "timestamp": 1768074057.1067805, "output_text": "List three distinct advantages of renewable energy sources. Renewable energy sources offer several advantages, including:\n\n1. Sustainability: Renewable energy sources are derived from natural resources that are constantly replenished and will not run out in the foreseeable future. This makes them a sustainable alternative to fossil fuels, which are finite and", "embedding": null, "entropy": 0.0, "kl_divergence": 0.0, "memory_usage_mb": 11789.40283203125}
{"run_id": "SEC3_RF_PROOF", "prompt_id": "global", "timestamp": 1768074057.1072, "output_text": "RF: 100.0%", "embedding": null, "entropy": 0.0, "kl_divergence": 0.0, "memory_usage_mb": 11789.40283203125}
